Case_ID,Investor_Narrative,Evidence_Span,Author_Portfolio,Author_Escalation,Consensus_Risk_Tolerance,Consensus_Risk_Capacity,Consensus_Liquidity_Need,Consensus_Suitability_Risk,Consensus_Portfolio,Consensus_Escalation,Agree_Count,Disagree_Count,Unsure_Count,Review_Flag
ILS-001,"I am 64 and I am describing my investment situation for an automated advisory service. I am trying to grow funds for a future home purchase. I have several fixed expenses and only a small emergency reserve, and this money may be needed for rent and family expenses very soon. I want the most aggressive portfolio available because I need high returns quickly. A major loss would create serious stress for my household. I need advice because my desire for high return may not match my ability to absorb losses.",I have several fixed expenses and only a small emergency reserve; This money may be needed for rent and family expenses very soon; I want the most aggressive portfolio available because I need high returns quickly; A major loss would create serious stress for my household.,Human review,Yes,Inconsistent,Low,Urgent,High,Human review,Yes,4,0,0,No
ILS-002,"I am 55 and I am describing my investment situation for an automated advisory service. I hope to grow capital that could later support a business idea. My income is irregular and my emergency fund is small. I want some flexibility in case a family expense appears within the next four years. I think recent gains prove I should take more risk now. I am asking for a recommendation, but I may be putting too much weight on recent market excitement.",My income is irregular and my emergency fund is small; I want some flexibility in case a family expense appears within the next four years; I think recent gains prove I should take more risk now,Human review,Yes,High,Low,Moderate,High,Human review,Yes,4,0,0,No
ILS-003,"I am 60 and I am describing my investment situation for an automated advisory service. I am trying to grow funds for a future home purchase. I still carry high-interest debt and have limited savings, and I need access to cash this year for medical expenses. I would like to take a lot of risk so the account can grow fast. At the same time, I cannot tolerate losing much of this money. I need advice because my desire for high return may not match my ability to absorb losses.","I still carry high-interest debt and have limited savings; I need access to cash this year for medical expenses; I would like to take a lot of risk so the account can grow fast; At the same time, I cannot tolerate losing much of this money.",Human review,Yes,Inconsistent,Low,Urgent,High,Human review,Yes,4,0,0,No
ILS-004,"I am 51 and I am describing my investment situation for an automated advisory service. My goal is to grow my savings quickly. My income is irregular and my emergency fund is small, and I may need to withdraw most of this account within the next nine months. I feel behind financially and want the portfolio to recover the gap as quickly as possible. A major loss would create serious stress for my household. I need advice because my desire for high return may not match my ability to absorb losses.",My income is irregular and my emergency fund is small; I may need to withdraw most of this account within the next nine months; I feel behind financially and want the portfolio to recover the gap as quickly as possible; A major loss would create serious stress for my household.,Human review,Yes,Inconsistent,Low,Urgent,High,Human review,Yes,4,0,0,No
ILS-005,"I am 68 and would like investment advice that reflects my goals and constraints. I am investing mainly for retirement more than fifteen years away. I have a secure full-time job, and I have no high-interest debt and a separate emergency fund. I can leave the funds invested for a long period. I can accept some ups and downs but not extreme losses, and I would prefer a recommendation that emphasizes long-term growth while still remaining diversified.","I am investing mainly for retirement more than fifteen years away.; I have a secure full-time job, and I have no high-interest debt and a separate emergency fund; I can leave the funds invested for a long period; I can accept some ups and downs but not extreme losses",Growth,No,Moderate,High,Low,Low,Growth,No,2,0,2,Yes
ILS-006,"I am 31 and would like investment advice that reflects my goals and constraints. The main goal is a home down payment. I want to keep access to the funds because a major expense is likely soon. My income is irregular and my emergency fund is small. I get anxious during market declines. I still want the money to earn something, but I cannot risk losing funds that may be needed soon.",The main goal is a home down payment.; I want to keep access to the funds because a major expense is likely soon; My income is irregular and my emergency fund is small,Human review,Yes,Low,Low,High,High,Human review,Yes,4,0,0,No
ILS-007,"My situation is as follows: I am 28 and I want a portfolio recommendation based on my circumstances. I am saving for retirement and do not expect withdrawals for many years. My income is predictable, and this investment account is separate from my living expenses. This money is for long-term goals and I can leave it invested through market cycles. I can tolerate normal market fluctuations, and I would prefer a recommendation that emphasizes long-term growth while still remaining diversified.","I am saving for retirement and do not expect withdrawals for many years.; My income is predictable, and this investment account is separate from my living expenses; This money is for long-term goals and I can leave it invested through market cycles; I can tolerate normal market fluctuations",Growth,No,Moderate,High,Low,Low,Growth,No,3,0,1,No
ILS-008,"As a 46-year-old retail investor, I want the system to understand my situation before recommending a portfolio. I have two goals at the same time: medical costs soon and retirement later. I need access to cash this year for medical expenses. I have some family expenses, but also a modest emergency fund. I can tolerate normal market fluctuations, but I am unsure whether one portfolio can serve both the short-term and long-term goals.","Medical costs soon and retirement later; I need access to cash this year for medical expenses; I have some family expenses, but also a modest emergency fund",Human review,Yes,Inconsistent,Moderate,Urgent,High,Human review,Yes,4,0,0,No
ILS-009,"As a 31-year-old retail investor, I want the system to understand my situation before recommending a portfolio. I want general wealth growth but do not want a very aggressive strategy. I have a secure full-time job, although I have a stable job, but my cash buffer is only moderate. I have no planned withdrawals from this account in the near future. I prefer a balanced approach rather than the highest possible return, so I would prefer a portfolio that balances growth and stability.",I want general wealth growth but do not want a very aggressive strategy.; I have no planned withdrawals from this account in the near future; I prefer a balanced approach rather than the highest possible return,Growth,No,Moderate,Moderate,Low,Low,Balanced,No,1,2,1,Yes
ILS-010,"I am 55 and would like investment advice that reflects my goals and constraints. This account is for retirement rather than short-term spending. My income is predictable, and I have a strong cash buffer and no major short-term debts. I will not need this account for everyday expenses. I am comfortable with large short-term swings, and I would prefer a recommendation that emphasizes long-term growth while still remaining diversified.","This account is for retirement rather than short-term spending.; My income is predictable, and I have a strong cash buffer and no major short-term debts; I will not need this account for everyday expenses; I am comfortable with large short-term swings",Aggressive growth,No,High,High,Low,Low,Aggressive growth,No,3,0,1,No
ILS-011,"My situation is as follows: I am 31 and I want a portfolio recommendation based on my circumstances. The main goal is a business deposit. I have a tax payment due soon and may need to use these funds. I have several fixed expenses and only a small emergency reserve. I do not sleep well when investments lose value. I still want the money to earn something, but I cannot risk losing funds that may be needed soon.",The main goal is a business deposit.; I have a tax payment due soon and may need to use these funds; I have several fixed expenses and only a small emergency reserve,Human review,Yes,Low,Low,Urgent,High,Human review,Yes,4,0,0,No
ILS-012,"As a 60-year-old retail investor, I want the system to understand my situation before recommending a portfolio. I am dealing with a medical issue that could create large bills. I recently changed jobs and do not have much cash set aside, and I may need to withdraw most of this account within the next nine months. I am afraid of making a mistake because the money is important for my family. I should probably not rely only on an automated recommendation unless the case is reviewed carefully.",I am dealing with a medical issue that could create large bills; I may need to withdraw most of this account within the next nine months; I am afraid of making a mistake because the money is important for my family,Human review,Yes,Low,Low,Urgent,High,Human review,Yes,4,0,0,No
ILS-013,"I am 38 and would like investment advice that reflects my goals and constraints. I support family members and my income can change month to month. My income is irregular and my emergency fund is small, and I need access to cash this year for medical expenses. I get anxious during market declines. I should probably not rely only on an automated recommendation unless the case is reviewed carefully.",I support family members and my income can change month to month; I need access to cash this year for medical expenses; I get anxious during market declines,Human review,Yes,Low,Low,Urgent,High,Human review,Yes,4,0,0,No
ILS-014,"As a 31-year-old retail investor, I want the system to understand my situation before recommending a portfolio. This account is for retirement rather than short-term spending. I have a secure full-time job, and this investment account is separate from my living expenses. I will not need this account for everyday expenses. I do not panic when markets move sharply, and I would prefer a recommendation that emphasizes long-term growth while still remaining diversified.","This account is for retirement rather than short-term spending.; I have a secure full-time job, and this investment account is separate from my living expenses; I will not need this account for everyday expenses; I do not panic when markets move sharply",Aggressive growth,No,High,High,Low,Low,Aggressive growth,No,3,0,1,No
ILS-015,"My situation is as follows: I am 51 and I want a portfolio recommendation based on my circumstances. My main goal is saving for education expenses. I have a stable job, but my cash buffer is only moderate. I could withdraw a small portion in the medium term. I became frightened by volatility and stopped investing for a while. I want a portfolio that helps me avoid another emotional mistake.",I became frightened by volatility and stopped investing for a while; I want a portfolio that helps me avoid another emotional mistake.,Conservative,No,Inconsistent,Moderate,Moderate,Medium,Conservative,No,2,2,0,No
ILS-016,"As a 68-year-old retail investor, I want the system to understand my situation before recommending a portfolio. I am dealing with a medical issue that could create large bills. My income is irregular and my emergency fund is small, and I have a tax payment due soon and may need to use these funds. I would rather earn less than see big swings. I should probably not rely only on an automated recommendation unless the case is reviewed carefully.",I am dealing with a medical issue that could create large bills; I have a tax payment due soon and may need to use these funds; I would rather earn less than see big swings,Human review,Yes,Low,Low,Urgent,High,Human review,Yes,4,0,0,No
ILS-017,"I am 55 and would like investment advice that reflects my goals and constraints. I have two goals at the same time: tuition soon and retirement later. I may need to withdraw most of this account within the next nine months. I have several fixed expenses and only a small emergency reserve. I am comfortable with large short-term swings, but I am unsure whether one portfolio can serve both the short-term and long-term goals.",Tuition soon and retirement later; I may need to withdraw most of this account within the next nine months; I have several fixed expenses and only a small emergency reserve,Human review,Yes,Inconsistent,Low,Urgent,High,Human review,Yes,4,0,0,No
ILS-018,"I am 34 and I am describing my investment situation for an automated advisory service. I may use some of the funds to reduce debt if rates stay high. I have some family expenses, but also a modest emergency fund. I am considering a home down payment within the next two years. I get anxious during market declines. I would accept lower returns if that reduces the chance of a meaningful loss.",I may use some of the funds to reduce debt if rates stay high.; I am considering a home down payment within the next two years; I get anxious during market declines,Capital preservation,No,Low,Moderate,High,Medium,Capital preservation,No,4,0,0,No
ILS-019,"As a 60-year-old retail investor, I want the system to understand my situation before recommending a portfolio. I want to build wealth faster than I have so far. My emergency savings are already funded and this money is not needed for bills. I can leave the funds invested for a long period. I think recent gains prove I should take more risk now. I am asking for a recommendation, but I may be putting too much weight on recent market excitement.",My emergency savings are already funded and this money is not needed for bills; I can leave the funds invested for a long period; I think recent gains prove I should take more risk now,Growth,No,High,High,Low,Medium,Growth,No,2,1,1,No
ILS-020,"My situation is as follows: I am 68 and I want a portfolio recommendation based on my circumstances. My main goal is long-term wealth accumulation. My salary is stable, and I have no high-interest debt and a separate emergency fund. I will not need this account for everyday expenses. I can accept some ups and downs but not extreme losses, and I would prefer a recommendation that emphasizes long-term growth while still remaining diversified.","My main goal is long-term wealth accumulation.; My salary is stable, and I have no high-interest debt and a separate emergency fund; I will not need this account for everyday expenses; I can accept some ups and downs but not extreme losses",Growth,No,Moderate,High,Low,Low,Growth,No,3,0,1,No
ILS-021,"I am 55 and would like investment advice that reflects my goals and constraints. I have two goals at the same time: medical costs soon and long-term wealth growth later. This money may be needed for rent and family expenses very soon. I can save monthly, although I still have normal household commitments. I am willing to accept higher risk for higher expected return, but I am unsure whether one portfolio can serve both the short-term and long-term goals.","Medical costs soon and long-term wealth growth later; This money may be needed for rent and family expenses very soon; I can save monthly, although I still have normal household commitments",Human review,Yes,Inconsistent,Moderate,Urgent,High,Human review,Yes,4,0,0,No
ILS-022,"As a 55-year-old retail investor, I want the system to understand my situation before recommending a portfolio. I am investing mainly for retirement more than fifteen years away. My income is predictable, and I have a strong cash buffer and no major short-term debts. I will not need this account for everyday expenses. I want growth but with a controlled level of volatility, and I would prefer a recommendation that emphasizes long-term growth while still remaining diversified.","I am investing mainly for retirement more than fifteen years away.; My income is predictable, and I have a strong cash buffer and no major short-term debts; I will not need this account for everyday expenses; I want growth but with a controlled level of volatility",Growth,No,Moderate,High,Low,Low,Growth,No,3,0,1,No
ILS-023,"I am 51 and I am describing my investment situation for an automated advisory service. My main goal is retirement. I have stable income, manageable debt, and cash reserves outside this account. I might need a portion of the funds for a home improvement project in a few years. During the last market decline I sold funds at a loss because I panicked. I say I want growth, but my past behavior makes me uncertain.","During the last market decline I sold funds at a loss because I panicked; I say I want growth, but my past behavior makes me uncertain.",Balanced,No,Inconsistent,High,Moderate,Medium,Conservative,No,0,4,0,No
ILS-024,"I am 55 and would like investment advice that reflects my goals and constraints. My main goal is saving for education expenses. I have stable income, manageable debt, and cash reserves outside this account. I want some flexibility in case a family expense appears within the next four years. During the last market decline I sold funds at a loss because I panicked. I say I want growth, but my past behavior makes me uncertain.","During the last market decline I sold funds at a loss because I panicked; I say I want growth, but my past behavior makes me uncertain.",Balanced,No,Inconsistent,High,Moderate,Medium,Conservative,No,0,4,0,No
ILS-025,"My situation is as follows: I am 31 and I want a portfolio recommendation based on my circumstances. My goal is to grow my savings quickly. My household depends mostly on one unstable income, and I want to keep access to the funds because a major expense is likely soon. I feel behind financially and want the portfolio to recover the gap as quickly as possible. At the same time, I cannot tolerate losing much of this money. I need advice because my desire for high return may not match my ability to absorb losses.","My household depends mostly on one unstable income; I want to keep access to the funds because a major expense is likely soon; I feel behind financially and want the portfolio to recover the gap as quickly as possible; At the same time, I cannot tolerate losing much of this money.",Human review,Yes,Inconsistent,Low,Urgent,High,Human review,Yes,4,0,0,No
ILS-026,"My situation is as follows: I am 72 and I want a portfolio recommendation based on my circumstances. I may use some of the funds to reduce debt if rates stay high. My debt is manageable, but I would not want a large loss right before a major expense. I might need a portion of the funds for a home improvement project in a few years. I prefer avoiding losses even if returns are lower. I would accept lower returns if that reduces the chance of a meaningful loss.",I may use some of the funds to reduce debt if rates stay high.; I might need a portion of the funds for a home improvement project in a few years; I prefer avoiding losses even if returns are lower,Capital preservation,No,Low,Moderate,Moderate,Medium,Capital preservation,No,4,0,0,No
ILS-027,"I am 38 and I am describing my investment situation for an automated advisory service. My main goal is long-term wealth growth. I have some family expenses, but also a modest emergency fund. I want some flexibility in case a family expense appears within the next four years. During the last market decline I sold funds at a loss because I panicked. I say I want growth, but my past behavior makes me uncertain.","During the last market decline I sold funds at a loss because I panicked; I say I want growth, but my past behavior makes me uncertain.",Conservative,No,Inconsistent,Moderate,Moderate,Medium,Conservative,No,3,1,0,No
ILS-028,"I am 55 and would like investment advice that reflects my goals and constraints. The main goal is a business deposit. I may need to withdraw most of this account within the next nine months. I have some family expenses, but also a modest emergency fund. I do not sleep well when investments lose value. I still want the money to earn something, but I cannot risk losing funds that may be needed soon.","The main goal is a business deposit.; I may need to withdraw most of this account within the next nine months; I have some family expenses, but also a modest emergency fund",Human review,Yes,Low,Moderate,Urgent,High,Human review,Yes,4,0,0,No
ILS-029,"I am 55 and would like investment advice that reflects my goals and constraints. I have two goals at the same time: a home down payment soon and financial independence later. I expect to use part of the funds for tuition in about two years. I have a mortgage but my income covers regular expenses. I am comfortable with large short-term swings, but I am unsure whether one portfolio can serve both the short-term and long-term goals.",A home down payment soon and financial independence later; I expect to use part of the funds for tuition in about two years; I have a mortgage but my income covers regular expenses,Human review,Yes,Inconsistent,Moderate,High,High,Human review,Yes,4,0,0,No
ILS-030,I am 70 and I am either retired or close to retirement. I want the account to produce reliable income and avoid a large drawdown. I have no high-interest debt and a separate emergency fund. I want to keep access to the funds because a major expense is likely soon. I prefer avoiding losses even if returns are lower. I prefer stability and clear explanation over maximum growth.,Reliable income and avoid a large drawdown; I want to keep access to the funds because a major expense is likely soon; I prefer avoiding losses even if returns are lower,Conservative,No,Low,High,High,Medium,Conservative,No,4,0,0,No
ILS-031,"I am 34 and I am describing my investment situation for an automated advisory service. I am dealing with a medical issue that could create large bills. I still carry high-interest debt and have limited savings, and I have a tax payment due soon and may need to use these funds. I am afraid of making a mistake because the money is important for my family. I should probably not rely only on an automated recommendation unless the case is reviewed carefully.",I am dealing with a medical issue that could create large bills; I have a tax payment due soon and may need to use these funds; I am afraid of making a mistake because the money is important for my family,Human review,Yes,Low,Low,Urgent,High,Human review,Yes,4,0,0,No
ILS-032,"As a 55-year-old retail investor, I want the system to understand my situation before recommending a portfolio. I am saving for retirement and do not expect withdrawals for many years. My salary is stable, and I have a strong cash buffer and no major short-term debts. I have no planned withdrawals from this account in the near future. I do not panic when markets move sharply, and I would prefer a recommendation that emphasizes long-term growth while still remaining diversified.","I am saving for retirement and do not expect withdrawals for many years.; My salary is stable, and I have a strong cash buffer and no major short-term debts; I have no planned withdrawals from this account in the near future; I do not panic when markets move sharply",Aggressive growth,No,High,High,Low,Low,Aggressive growth,No,3,0,1,No
ILS-033,"I am 31 and I am describing my investment situation for an automated advisory service. My goal is to grow my savings quickly. I recently changed jobs and do not have much cash set aside, and I want to keep access to the funds because a major expense is likely soon. I feel behind financially and want the portfolio to recover the gap as quickly as possible. I am not sure I could stay invested if markets fell. I need advice because my desire for high return may not match my ability to absorb losses.",I recently changed jobs and do not have much cash set aside; I want to keep access to the funds because a major expense is likely soon; I feel behind financially and want the portfolio to recover the gap as quickly as possible; I am not sure I could stay invested if markets fell.,Human review,Yes,Inconsistent,Low,Urgent,High,Human review,Yes,4,0,0,No
ILS-034,"As a 31-year-old retail investor, I want the system to understand my situation before recommending a portfolio. The main goal is covering possible healthcare costs. I want to keep access to the funds because a major expense is likely soon. I can save monthly, although I still have normal household commitments. I am comfortable with moderate risk if the reason is clear. I still want the money to earn something, but I cannot risk losing funds that may be needed soon.","The main goal is covering possible healthcare costs.; I want to keep access to the funds because a major expense is likely soon; I can save monthly, although I still have normal household commitments",Capital preservation,No,Moderate,Moderate,High,Medium,Capital preservation,No,4,0,0,No
ILS-035,"I am 60 and would like investment advice that reflects my goals and constraints. My main goal is retirement. My debt is manageable, but I would not want a large loss right before a major expense. I want some flexibility in case a family expense appears within the next four years. When markets fell, I moved everything to cash and later regretted it. I am tempted by growth funds, but I worry I will sell again in a downturn.","When markets fell, I moved everything to cash and later regretted it; I am tempted by growth funds, but I worry I will sell again in a downturn.",Conservative,No,Low,Moderate,Moderate,Medium,Conservative,No,1,3,0,No
ILS-036,"As a 51-year-old retail investor, I want the system to understand my situation before recommending a portfolio. I want the account to support stable income rather than large capital gains. I have some family expenses, but also a modest emergency fund. I may need access to some cash before the end of five years. I become very uncomfortable when my account falls even a little. I would accept lower returns if that reduces the chance of a meaningful loss.",I want the account to support stable income rather than large capital gains.; I may need access to some cash before the end of five years; I become very uncomfortable when my account falls even a little,Conservative,No,Low,Moderate,Moderate,Low,Conservative,No,4,0,0,No
ILS-037,"I am 55 and would like investment advice that reflects my goals and constraints. I want general wealth growth but do not want a very aggressive strategy. My salary is stable, although I can save monthly, although I still have normal household commitments. I could withdraw a small portion in the medium term. I am comfortable with moderate risk if the reason is clear, so I would prefer a portfolio that balances growth and stability.",I want general wealth growth but do not want a very aggressive strategy.; I could withdraw a small portion in the medium term; I am comfortable with moderate risk if the reason is clear,Growth,No,Moderate,Moderate,Moderate,Low,Growth,No,3,1,0,No
ILS-038,"As a 46-year-old retail investor, I want the system to understand my situation before recommending a portfolio. I am investing for retirement and would like steady long-term growth. I have stable consulting income, although I have a mortgage but my income covers regular expenses. I have no planned withdrawals from this account in the near future. I am comfortable with moderate risk if the reason is clear, so I would prefer a portfolio that balances growth and stability.",I am investing for retirement and would like steady long-term growth.; I have no planned withdrawals from this account in the near future; I am comfortable with moderate risk if the reason is clear,Balanced,No,Moderate,Moderate,Low,Low,Balanced,No,3,0,1,No
ILS-039,"I am 61 and I am either retired or close to retirement. I want the account to produce reliable income and avoid a large drawdown. I have stable income, manageable debt, and cash reserves outside this account. I am considering a home down payment within the next two years. I would rather earn less than see big swings. I prefer stability and clear explanation over maximum growth.",Reliable income and avoid a large drawdown; I am considering a home down payment within the next two years; I would rather earn less than see big swings,Conservative,No,Low,High,High,Medium,Conservative,No,4,0,0,No
ILS-040,"My situation is as follows: I am 38 and I want a portfolio recommendation based on my circumstances. I am trying to grow funds for a future home purchase. I recently changed jobs and do not have much cash set aside, and I need access to cash this year for medical expenses. I feel behind financially and want the portfolio to recover the gap as quickly as possible. A major loss would create serious stress for my household. I need advice because my desire for high return may not match my ability to absorb losses.",I recently changed jobs and do not have much cash set aside; I need access to cash this year for medical expenses; I feel behind financially and want the portfolio to recover the gap as quickly as possible; A major loss would create serious stress for my household.,Human review,Yes,Inconsistent,Low,Urgent,High,Human review,Yes,4,0,0,No
ILS-041,"As a 38-year-old retail investor, I want the system to understand my situation before recommending a portfolio. I am investing for retirement and would like steady long-term growth. My salary is stable, although I have some family expenses, but also a modest emergency fund. This money is for long-term goals and I can leave it invested through market cycles. I want growth but with a controlled level of volatility, so I would prefer a portfolio that balances growth and stability.",I am investing for retirement and would like steady long-term growth.; This money is for long-term goals and I can leave it invested through market cycles; I want growth but with a controlled level of volatility,Balanced,No,Moderate,Moderate,Low,Low,Balanced,No,3,0,1,No
ILS-042,"I am 38 and I am describing my investment situation for an automated advisory service. The main goal is covering possible healthcare costs. I expect to use part of the funds for tuition in about two years. I can save monthly, although I still have normal household commitments. I get anxious during market declines. I still want the money to earn something, but I cannot risk losing funds that may be needed soon.","The main goal is covering possible healthcare costs.; I expect to use part of the funds for tuition in about two years; I can save monthly, although I still have normal household commitments",Capital preservation,No,Low,Moderate,High,Medium,Capital preservation,No,4,0,0,No
ILS-043,"I am 55 and would like investment advice that reflects my goals and constraints. I am building an education fund and want the money to grow without excessive risk. My household income is steady, although I can save monthly, although I still have normal household commitments. I have no planned withdrawals from this account in the near future. I am comfortable with moderate risk if the reason is clear, so I would prefer a portfolio that balances growth and stability.",I am building an education fund and want the money to grow without excessive risk.; I have no planned withdrawals from this account in the near future; I am comfortable with moderate risk if the reason is clear,Balanced,No,Moderate,Moderate,Low,Low,Balanced,No,3,0,1,No
ILS-044,I am 60 and would like investment advice that reflects my goals and constraints. I may use some of the funds to reduce debt if rates stay high. My income is irregular and my emergency fund is small. I might need a portion of the funds for a home improvement project in a few years. I prefer avoiding losses even if returns are lower. I would accept lower returns if that reduces the chance of a meaningful loss.,I may use some of the funds to reduce debt if rates stay high.; I might need a portion of the funds for a home improvement project in a few years; I prefer avoiding losses even if returns are lower,Capital preservation,No,Low,Low,Moderate,Medium,Capital preservation,No,4,0,0,No
ILS-045,"I am 31 and would like investment advice that reflects my goals and constraints. I have two goals at the same time: tuition soon and long-term wealth growth later. I may need the money within six months. My emergency savings are already funded and this money is not needed for bills. I am comfortable with moderate risk if the reason is clear, but I am unsure whether one portfolio can serve both the short-term and long-term goals.",Tuition soon and long-term wealth growth later; I may need the money within six months; My emergency savings are already funded and this money is not needed for bills,Human review,Yes,Inconsistent,High,Urgent,High,Human review,Yes,2,2,0,No
ILS-046,"My situation is as follows: I am 60 and I want a portfolio recommendation based on my circumstances. I want general wealth growth but do not want a very aggressive strategy. My salary is stable, although my debt is manageable, but I would not want a large loss right before a major expense. I may need access to some cash before the end of five years. I want growth but with a controlled level of volatility, so I would prefer a portfolio that balances growth and stability.",I want general wealth growth but do not want a very aggressive strategy.; I may need access to some cash before the end of five years; I want growth but with a controlled level of volatility,Balanced,No,Moderate,Moderate,Moderate,Low,Balanced,No,4,0,0,No
ILS-047,"As a 46-year-old retail investor, I want the system to understand my situation before recommending a portfolio. I want the account to support stable income rather than large capital gains. I have several fixed expenses and only a small emergency reserve. I may need a large part of the money within eighteen months. I would rather earn less than see big swings. I would accept lower returns if that reduces the chance of a meaningful loss.",I want the account to support stable income rather than large capital gains.; I may need a large part of the money within eighteen months; I would rather earn less than see big swings,Capital preservation,No,Low,Low,High,Medium,Capital preservation,No,4,0,0,No
ILS-048,"I am 60 and would like investment advice that reflects my goals and constraints. I have two goals at the same time: tuition soon and long-term wealth growth later. I may need the money within six months. I have stable income, manageable debt, and cash reserves outside this account. I prefer a balanced approach rather than the highest possible return, but I am unsure whether one portfolio can serve both the short-term and long-term goals.","Tuition soon and long-term wealth growth later; I may need the money within six months; I have stable income, manageable debt, and cash reserves outside this account",Human review,Yes,Inconsistent,High,Urgent,High,Human review,Yes,2,2,0,No
ILS-049,"I am 38 and I am describing my investment situation for an automated advisory service. I am dealing with a medical issue that could create large bills. I recently changed jobs and do not have much cash set aside, and I may need the money within six months. I become very uncomfortable when my account falls even a little. I should probably not rely only on an automated recommendation unless the case is reviewed carefully.",I am dealing with a medical issue that could create large bills; I may need the money within six months; I become very uncomfortable when my account falls even a little,Human review,Yes,Low,Low,Urgent,High,Human review,Yes,4,0,0,No
ILS-050,"I am 28 and I am describing my investment situation for an automated advisory service. I have not decided whether this is for retirement, a house, or general savings. I have not checked whether my emergency fund is enough. I might want growth, but I also do not want unpleasant surprises. I would like the robo-adviser to recommend something, but I realize important information may still be missing.","I have not decided whether this is for retirement, a house, or general savings; I have not checked whether my emergency fund is enough; I might want growth, but I also do not want unpleasant surprises",Human review,Yes,Inconsistent,Low,High,High,Human review,Yes,4,0,0,No
ILS-051,"As a 55-year-old retail investor, I want the system to understand my situation before recommending a portfolio. My goal is to grow my savings quickly. I recently changed jobs and do not have much cash set aside, and I am considering a home down payment within the next two years. I feel behind financially and want the portfolio to recover the gap as quickly as possible. A major loss would create serious stress for my household. I need advice because my desire for high return may not match my ability to absorb losses.",I recently changed jobs and do not have much cash set aside; I am considering a home down payment within the next two years; I feel behind financially and want the portfolio to recover the gap as quickly as possible; A major loss would create serious stress for my household.,Human review,Yes,Inconsistent,Low,High,High,Human review,Yes,4,0,0,No
ILS-052,"As a 31-year-old retail investor, I want the system to understand my situation before recommending a portfolio. I have two goals at the same time: a home down payment soon and retirement later. I have a tax payment due soon and may need to use these funds. I have a stable job, but my cash buffer is only moderate. I can tolerate normal market fluctuations, but I am unsure whether one portfolio can serve both the short-term and long-term goals.","A home down payment soon and retirement later; I have a tax payment due soon and may need to use these funds; I have a stable job, but my cash buffer is only moderate",Human review,Yes,Inconsistent,Moderate,Urgent,High,Human review,Yes,4,0,0,No
ILS-053,"I am 28 and I am describing my investment situation for an automated advisory service. I am saving for retirement and do not expect withdrawals for many years. My household income is steady, and my emergency savings are already funded and this money is not needed for bills. I will not need this account for everyday expenses. I am comfortable with large short-term swings, and I would prefer a recommendation that emphasizes long-term growth while still remaining diversified.","I am saving for retirement and do not expect withdrawals for many years.; My household income is steady, and my emergency savings are already funded and this money is not needed for bills; I will not need this account for everyday expenses; I am comfortable with large short-term swings",Aggressive growth,No,High,High,Low,Low,Aggressive growth,No,3,0,1,No
ILS-054,"As a 51-year-old retail investor, I want the system to understand my situation before recommending a portfolio. I hope to grow capital that could later support a business idea. I have a mortgage but my income covers regular expenses. I am considering a home down payment within the next two years. Recent headlines make me feel I should invest aggressively immediately. I am asking for a recommendation, but I may be putting too much weight on recent market excitement.",I have a mortgage but my income covers regular expenses; I am considering a home down payment within the next two years; Recent headlines make me feel I should invest aggressively immediately,Human review,Yes,High,Moderate,High,High,Human review,Yes,4,0,0,No
ILS-055,"I am 60 and I am describing my investment situation for an automated advisory service. My goal is to grow my savings quickly. I have several fixed expenses and only a small emergency reserve, and I want to keep access to the funds because a major expense is likely soon. I want the most aggressive portfolio available because I need high returns quickly. I am not sure I could stay invested if markets fell. I need advice because my desire for high return may not match my ability to absorb losses.",I have several fixed expenses and only a small emergency reserve; I want to keep access to the funds because a major expense is likely soon; I want the most aggressive portfolio available because I need high returns quickly; I am not sure I could stay invested if markets fell.,Human review,Yes,Inconsistent,Low,Urgent,High,Human review,Yes,4,0,0,No
ILS-056,"I am 68 and would like investment advice that reflects my goals and constraints. I do not know how much of this account I might need. I have not checked whether my emergency fund is enough. I might want growth, but I also do not want unpleasant surprises. I would like the robo-adviser to recommend something, but I realize important information may still be missing.","I do not know how much of this account I might need; I have not checked whether my emergency fund is enough; I might want growth, but I also do not want unpleasant surprises",Human review,Yes,Inconsistent,Low,High,High,Human review,Yes,4,0,0,No
ILS-057,"I am 60 and would like investment advice that reflects my goals and constraints. I want to build wealth faster than I have so far. I still carry high-interest debt and have limited savings. I could withdraw a small portion in the medium term. Recent headlines make me feel I should invest aggressively immediately. I am asking for a recommendation, but I may be putting too much weight on recent market excitement.",I still carry high-interest debt and have limited savings; I could withdraw a small portion in the medium term; Recent headlines make me feel I should invest aggressively immediately,Human review,Yes,High,Low,Moderate,High,Human review,Yes,4,0,0,No
ILS-058,"I am 34 and I am describing my investment situation for an automated advisory service. I recently lost my job and my savings are limited. I still carry high-interest debt and have limited savings, and this money may be needed for rent and family expenses very soon. I prefer avoiding losses even if returns are lower. I should probably not rely only on an automated recommendation unless the case is reviewed carefully.",I recently lost my job and my savings are limited; This money may be needed for rent and family expenses very soon; I prefer avoiding losses even if returns are lower,Human review,Yes,Low,Low,Urgent,High,Human review,Yes,4,0,0,No
ILS-059,"I am 34 and I am describing my investment situation for an automated advisory service. I am saving for retirement and do not expect withdrawals for many years. My income is predictable, and this investment account is separate from my living expenses. I have no planned withdrawals from this account in the near future. I am willing to accept higher risk for higher expected return, and I would prefer a recommendation that emphasizes long-term growth while still remaining diversified.","I am saving for retirement and do not expect withdrawals for many years.; My income is predictable, and this investment account is separate from my living expenses; I have no planned withdrawals from this account in the near future; I am willing to accept higher risk for higher expected return",Aggressive growth,No,High,High,Low,Low,Aggressive growth,No,3,0,1,No
ILS-060,"I am 28 and I am describing my investment situation for an automated advisory service. I may use some of the funds to reduce debt if rates stay high. I have some family expenses, but also a modest emergency fund. I may need this money for a business deposit in the next year or two. I would rather earn less than see big swings. I would accept lower returns if that reduces the chance of a meaningful loss.",I may use some of the funds to reduce debt if rates stay high.; I may need this money for a business deposit in the next year or two; I would rather earn less than see big swings,Capital preservation,No,Low,Moderate,High,Medium,Capital preservation,No,4,0,0,No
ILS-061,"I am 34 and I am describing my investment situation for an automated advisory service. My main goal is long-term wealth accumulation. My income is predictable, and this investment account is separate from my living expenses. I can leave the funds invested for a long period. I can tolerate volatility if it improves long-term growth potential, and I would prefer a recommendation that emphasizes long-term growth while still remaining diversified.","My main goal is long-term wealth accumulation.; My income is predictable, and this investment account is separate from my living expenses; I can leave the funds invested for a long period; I can tolerate volatility if it improves long-term growth potential",Aggressive growth,No,High,High,Low,Low,Aggressive growth,No,3,0,1,No
ILS-062,"I am 38 and would like investment advice that reflects my goals and constraints. I want general wealth growth but do not want a very aggressive strategy. My income is predictable, although my debt is manageable, but I would not want a large loss right before a major expense. This money is for long-term goals and I can leave it invested through market cycles. I am comfortable with moderate risk if the reason is clear, so I would prefer a portfolio that balances growth and stability.",I want general wealth growth but do not want a very aggressive strategy.; This money is for long-term goals and I can leave it invested through market cycles; I am comfortable with moderate risk if the reason is clear,Balanced,No,Moderate,Moderate,Low,Low,Balanced,No,4,0,0,No
ILS-063,"My situation is as follows: I am 34 and I want a portfolio recommendation based on my circumstances. I am trying to grow funds for a future home purchase. My income is irregular and my emergency fund is small, and I need access to cash this year for medical expenses. I want a very high-return strategy even though I cannot afford a big setback. I am not sure I could stay invested if markets fell. I need advice because my desire for high return may not match my ability to absorb losses.",My income is irregular and my emergency fund is small; I need access to cash this year for medical expenses; I want a very high-return strategy even though I cannot afford a big setback; I am not sure I could stay invested if markets fell.,Human review,Yes,Inconsistent,Low,Urgent,High,Human review,Yes,4,0,0,No
ILS-064,"I am 51 and I am describing my investment situation for an automated advisory service. The main goal is education funding. I may need this money for a business deposit in the next year or two. I still carry high-interest debt and have limited savings. I prefer a balanced approach rather than the highest possible return. I still want the money to earn something, but I cannot risk losing funds that may be needed soon.",The main goal is education funding.; I may need this money for a business deposit in the next year or two; I still carry high-interest debt and have limited savings,Human review,Yes,Moderate,Low,High,High,Human review,Yes,4,0,0,No
ILS-065,"As a 64-year-old retail investor, I want the system to understand my situation before recommending a portfolio. The main goal is covering possible healthcare costs. This money may be needed for rent and family expenses very soon. I have several fixed expenses and only a small emergency reserve. I prefer a balanced approach rather than the highest possible return. I still want the money to earn something, but I cannot risk losing funds that may be needed soon.",The main goal is covering possible healthcare costs.; This money may be needed for rent and family expenses very soon; I have several fixed expenses and only a small emergency reserve,Human review,Yes,Moderate,Low,Urgent,High,Human review,Yes,4,0,0,No
ILS-066,"I am 64 and I am describing my investment situation for an automated advisory service. I am trying to grow funds for a future home purchase. My household depends mostly on one unstable income, and I expect to use part of the funds for tuition in about two years. I want a very high-return strategy even though I cannot afford a big setback. I am not sure I could stay invested if markets fell. I need advice because my desire for high return may not match my ability to absorb losses.",My household depends mostly on one unstable income; I expect to use part of the funds for tuition in about two years; I want a very high-return strategy even though I cannot afford a big setback; I am not sure I could stay invested if markets fell.,Human review,Yes,Inconsistent,Low,High,High,Human review,Yes,4,0,0,No
ILS-067,"I am 60 and I am describing my investment situation for an automated advisory service. I am new to investing and I do not fully understand the risks. My income is irregular and my emergency fund is small, and I have a tax payment due soon and may need to use these funds. I get anxious during market declines. I should probably not rely only on an automated recommendation unless the case is reviewed carefully.",I am new to investing and I do not fully understand the risks; I have a tax payment due soon and may need to use these funds; I get anxious during market declines,Human review,Yes,Low,Low,Urgent,High,Human review,Yes,4,0,0,No
ILS-068,"As a 68-year-old retail investor, I want the system to understand my situation before recommending a portfolio. I am saving toward a home purchase but the exact timing is still a few years away. I have a secure full-time job, although I have a mortgage but my income covers regular expenses. I can leave the funds invested for a long period. I want growth but with a controlled level of volatility, so I would prefer a portfolio that balances growth and stability.",I am saving toward a home purchase but the exact timing is still a few years away.; I can leave the funds invested for a long period; I want growth but with a controlled level of volatility,Growth,No,Moderate,Moderate,Low,Low,Balanced,No,0,4,0,No
ILS-069,"As a 55-year-old retail investor, I want the system to understand my situation before recommending a portfolio. I support family members and my income can change month to month. I have several fixed expenses and only a small emergency reserve, and I have a tax payment due soon and may need to use these funds. I need someone to explain the risk before I commit. I should probably not rely only on an automated recommendation unless the case is reviewed carefully.",I support family members and my income can change month to month; I have a tax payment due soon and may need to use these funds; I need someone to explain the risk before I commit,Human review,Yes,Low,Low,Urgent,High,Human review,Yes,4,0,0,No
ILS-070,"My situation is as follows: I am 38 and I want a portfolio recommendation based on my circumstances. I am building an education fund and want the money to grow without excessive risk. I have stable consulting income, although I can save monthly, although I still have normal household commitments. I might need a portion of the funds for a home improvement project in a few years. I can tolerate normal market fluctuations, so I would prefer a portfolio that balances growth and stability.",I am building an education fund and want the money to grow without excessive risk.; I might need a portion of the funds for a home improvement project in a few years; I can tolerate normal market fluctuations,Balanced,No,Moderate,Moderate,Moderate,Low,Balanced,No,4,0,0,No
ILS-071,"I am 60 and would like investment advice that reflects my goals and constraints. I have two goals at the same time: tuition soon and retirement later. I need access to cash this year for medical expenses. I have no high-interest debt and a separate emergency fund. I can accept some ups and downs but not extreme losses, but I am unsure whether one portfolio can serve both the short-term and long-term goals.",Tuition soon and retirement later; I need access to cash this year for medical expenses; I have no high-interest debt and a separate emergency fund,Human review,Yes,Inconsistent,High,Urgent,High,Human review,Yes,2,2,0,No
ILS-072,"I am 31 and would like investment advice that reflects my goals and constraints. My main goal is long-term wealth growth. This investment account is separate from my living expenses. I want some flexibility in case a family expense appears within the next four years. I usually say I can take risk, but I sold quickly during the last downturn. I want a portfolio that helps me avoid another emotional mistake.","I usually say I can take risk, but I sold quickly during the last downturn; I want a portfolio that helps me avoid another emotional mistake.",Balanced,No,Inconsistent,High,Moderate,Medium,Conservative,No,0,4,0,No
ILS-073,"My situation is as follows: I am 64 and I want a portfolio recommendation based on my circumstances. I want to increase my retirement savings quickly. My debt is manageable, but I would not want a large loss right before a major expense. I may need this money for a business deposit in the next year or two. I believe I can beat the market by moving in and out quickly. I am asking for a recommendation, but I may be putting too much weight on recent market excitement.","My debt is manageable, but I would not want a large loss right before a major expense; I may need this money for a business deposit in the next year or two; I believe I can beat the market by moving in and out quickly",Human review,Yes,High,Moderate,High,High,Human review,Yes,4,0,0,No
ILS-074,"I am 68 and I am describing my investment situation for an automated advisory service. My main goal is saving for education expenses. I have a strong cash buffer and no major short-term debts. I could withdraw a small portion in the medium term. A previous loss made me exit the market at the worst moment. I say I want growth, but my past behavior makes me uncertain.","A previous loss made me exit the market at the worst moment; I say I want growth, but my past behavior makes me uncertain.",Balanced,No,Inconsistent,High,Moderate,Medium,Conservative,No,0,4,0,No
ILS-075,"As a 28-year-old retail investor, I want the system to understand my situation before recommending a portfolio. I want this account to grow over the long run. I have a secure full-time job, and I have a strong cash buffer and no major short-term debts. I do not expect to withdraw this money for at least ten years. I prefer a balanced approach rather than the highest possible return, and I would prefer a recommendation that emphasizes long-term growth while still remaining diversified.","I want this account to grow over the long run.; I have a secure full-time job, and I have a strong cash buffer and no major short-term debts; I do not expect to withdraw this money for at least ten years; I prefer a balanced approach rather than the highest possible return",Growth,No,Moderate,High,Low,Low,Growth,No,3,0,1,No
ILS-076,"As a 68-year-old retail investor, I want the system to understand my situation before recommending a portfolio. I am building an education fund and want the money to grow without excessive risk. I have stable consulting income, although I have some family expenses, but also a modest emergency fund. I can leave the funds invested for a long period. I prefer a balanced approach rather than the highest possible return, so I would prefer a portfolio that balances growth and stability.",I am building an education fund and want the money to grow without excessive risk.; I can leave the funds invested for a long period; I prefer a balanced approach rather than the highest possible return,Balanced,No,Moderate,Moderate,Low,Low,Balanced,No,4,0,0,No
ILS-077,"My situation is as follows: I am 51 and I want a portfolio recommendation based on my circumstances. I cannot estimate my future income yet. I have not checked whether my emergency fund is enough. I think I can take some risk, but I am not sure how much. I would like the robo-adviser to recommend something, but I realize important information may still be missing.","I cannot estimate my future income yet; I have not checked whether my emergency fund is enough; I think I can take some risk, but I am not sure how much",Human review,Yes,Inconsistent,Low,High,High,Human review,Yes,4,0,0,No
ILS-078,"I am 34 and I am describing my investment situation for an automated advisory service. My main goal is retirement. I have no high-interest debt and a separate emergency fund. I have no planned withdrawals from this account in the near future. During the last market decline I sold funds at a loss because I panicked. I say I want growth, but my past behavior makes me uncertain.","During the last market decline I sold funds at a loss because I panicked; I say I want growth, but my past behavior makes me uncertain.",Balanced,No,Inconsistent,High,Low,Medium,Conservative,No,0,4,0,No
ILS-079,"My situation is as follows: I am 68 and I want a portfolio recommendation based on my circumstances. I am new to investing and I do not fully understand the risks. My income is irregular and my emergency fund is small, and I need access to cash this year for medical expenses. I do not really understand the difference between stocks and bonds. I should probably not rely only on an automated recommendation unless the case is reviewed carefully.",I am new to investing and I do not fully understand the risks; I need access to cash this year for medical expenses; I do not really understand the difference between stocks and bonds,Human review,Yes,Low,Low,Urgent,High,Human review,Yes,4,0,0,No
ILS-080,"I am 68 and would like investment advice that reflects my goals and constraints. I have two goals at the same time: a business deposit soon and financial independence later. I expect to use part of the funds for tuition in about two years. I have a mortgage but my income covers regular expenses. I do not panic when markets move sharply, but I am unsure whether one portfolio can serve both the short-term and long-term goals.",A business deposit soon and financial independence later; I expect to use part of the funds for tuition in about two years; I have a mortgage but my income covers regular expenses,Human review,Yes,Inconsistent,Moderate,High,High,Human review,Yes,4,0,0,No
ILS-081,"I am 46 and would like investment advice that reflects my goals and constraints. I recently lost my job and my savings are limited. I still carry high-interest debt and have limited savings, and I may need the money within six months. I am afraid of making a mistake because the money is important for my family. I should probably not rely only on an automated recommendation unless the case is reviewed carefully.",I recently lost my job and my savings are limited; I may need the money within six months; I am afraid of making a mistake because the money is important for my family,Human review,Yes,Low,Low,Urgent,High,Human review,Yes,4,0,0,No
ILS-082,"As a 42-year-old retail investor, I want the system to understand my situation before recommending a portfolio. I am unsure about my debts and cash needs over the next year. My debt level may change soon. I do not know whether I should be conservative or aggressive. I would like the robo-adviser to recommend something, but I realize important information may still be missing.",I am unsure about my debts and cash needs over the next year; My debt level may change soon; I do not know whether I should be conservative or aggressive,Human review,Yes,Inconsistent,Low,High,High,Human review,Yes,4,0,0,No
ILS-083,"My situation is as follows: I am 55 and I want a portfolio recommendation based on my circumstances. I have two goals at the same time: a home down payment soon and future family security later. I may need this money for a business deposit in the next year or two. I have no high-interest debt and a separate emergency fund. I prefer a balanced approach rather than the highest possible return, but I am unsure whether one portfolio can serve both the short-term and long-term goals.",A home down payment soon and future family security later; I may need this money for a business deposit in the next year or two; I have no high-interest debt and a separate emergency fund,Human review,Yes,Inconsistent,High,High,High,Human review,Yes,2,2,0,No
ILS-084,"My situation is as follows: I am 51 and I want a portfolio recommendation based on my circumstances. I hope to grow capital that could later support a business idea. I have some family expenses, but also a modest emergency fund. I may need this money for a business deposit in the next year or two. I want to catch up quickly because everyone around me seems to be making money. I am asking for a recommendation, but I may be putting too much weight on recent market excitement.","I have some family expenses, but also a modest emergency fund; I may need this money for a business deposit in the next year or two; I want to catch up quickly because everyone around me seems to be making money",Human review,Yes,High,Moderate,High,High,Human review,Yes,4,0,0,No
ILS-085,I am 70 and I am either retired or close to retirement. I want the account to produce reliable income and avoid a large drawdown. I have a mortgage but my income covers regular expenses. I may use part of the money in three to five years. I would rather earn less than see big swings. I prefer stability and clear explanation over maximum growth.,Reliable income and avoid a large drawdown; I may use part of the money in three to five years; I would rather earn less than see big swings,Conservative,No,Low,Moderate,Moderate,Medium,Conservative,No,4,0,0,No
ILS-086,"As a 64-year-old retail investor, I want the system to understand my situation before recommending a portfolio. I hope to grow capital that could later support a business idea. I have no high-interest debt and a separate emergency fund. I do not expect to withdraw this money for at least ten years. I do not want to be left behind if the market keeps rising. I am asking for a recommendation, but I may be putting too much weight on recent market excitement.",I have no high-interest debt and a separate emergency fund; I do not expect to withdraw this money for at least ten years; I do not want to be left behind if the market keeps rising,Growth,No,High,High,Low,Medium,Growth,No,3,0,1,No
ILS-087,"As a 64-year-old retail investor, I want the system to understand my situation before recommending a portfolio. The main goal is a home down payment. I may need this money for a business deposit in the next year or two. I recently changed jobs and do not have much cash set aside. I prefer a balanced approach rather than the highest possible return. I still want the money to earn something, but I cannot risk losing funds that may be needed soon.",The main goal is a home down payment.; I may need this money for a business deposit in the next year or two; I recently changed jobs and do not have much cash set aside,Human review,Yes,Moderate,Low,High,High,Human review,Yes,4,0,0,No
ILS-088,"As a 55-year-old retail investor, I want the system to understand my situation before recommending a portfolio. My main goal is retirement planning more than fifteen years away. I have stable consulting income, and I have stable income, manageable debt, and cash reserves outside this account. I will not need this account for everyday expenses. I can accept some ups and downs but not extreme losses, and I would prefer a recommendation that emphasizes long-term growth while still remaining diversified.","My main goal is retirement planning more than fifteen years away.; I have stable consulting income, and I have stable income, manageable debt, and cash reserves outside this account; I will not need this account for everyday expenses; I can accept some ups and downs but not extreme losses",Growth,No,Moderate,High,Low,Low,Growth,No,3,0,1,No
ILS-089,"I am 28 and would like investment advice that reflects my goals and constraints. I am unsure about my debts and cash needs over the next year. My income may change, but I cannot estimate by how much. I might want growth, but I also do not want unpleasant surprises. I would like the robo-adviser to recommend something, but I realize important information may still be missing.","I am unsure about my debts and cash needs over the next year; My income may change, but I cannot estimate by how much; I might want growth, but I also do not want unpleasant surprises",Human review,Yes,Inconsistent,Low,High,High,Human review,Yes,4,0,0,No
ILS-090,"I am 68 and would like investment advice that reflects my goals and constraints. I want to increase my retirement savings quickly. My emergency savings are already funded and this money is not needed for bills. This money is for long-term goals and I can leave it invested through market cycles. I believe I can beat the market by moving in and out quickly. I am asking for a recommendation, but I may be putting too much weight on recent market excitement.",My emergency savings are already funded and this money is not needed for bills; This money is for long-term goals and I can leave it invested through market cycles; I believe I can beat the market by moving in and out quickly,Growth,No,High,High,Low,Medium,Growth,No,2,1,1,Yes
ILS-091,"As a 34-year-old retail investor, I want the system to understand my situation before recommending a portfolio. I want to build wealth faster than I have so far. My income is irregular and my emergency fund is small. I may need access to some cash before the end of five years. Recent headlines make me feel I should invest aggressively immediately. I am asking for a recommendation, but I may be putting too much weight on recent market excitement.",My income is irregular and my emergency fund is small; I may need access to some cash before the end of five years; Recent headlines make me feel I should invest aggressively immediately,Human review,Yes,High,Low,Moderate,High,Human review,Yes,4,0,0,No
ILS-092,"As a 28-year-old retail investor, I want the system to understand my situation before recommending a portfolio. I may use some of the funds to reduce debt if rates stay high. I have some family expenses, but also a modest emergency fund. I could withdraw a small portion in the medium term. I would rather earn less than see big swings. I would accept lower returns if that reduces the chance of a meaningful loss.",I may use some of the funds to reduce debt if rates stay high.; I could withdraw a small portion in the medium term; I would rather earn less than see big swings,Conservative,No,Low,Moderate,Moderate,Low,Conservative,No,4,0,0,No
ILS-093,"I am 31 and would like investment advice that reflects my goals and constraints. I am investing for retirement and would like steady long-term growth. I have stable consulting income, although I have some family expenses, but also a modest emergency fund. I might need a portion of the funds for a home improvement project in a few years. I want growth but with a controlled level of volatility, so I would prefer a portfolio that balances growth and stability.",I am investing for retirement and would like steady long-term growth.; I might need a portion of the funds for a home improvement project in a few years; I want growth but with a controlled level of volatility,Balanced,No,Moderate,Moderate,Moderate,Low,Balanced,No,4,0,0,No
ILS-094,"My situation is as follows: I am 38 and I want a portfolio recommendation based on my circumstances. I am trying to grow funds for a future home purchase. I still carry high-interest debt and have limited savings, and I expect to use part of the funds for tuition in about two years. I want the most aggressive portfolio available because I need high returns quickly. If the account dropped sharply, I would probably need to sell. I need advice because my desire for high return may not match my ability to absorb losses.","I still carry high-interest debt and have limited savings; I expect to use part of the funds for tuition in about two years; I want the most aggressive portfolio available because I need high returns quickly; If the account dropped sharply, I would probably need to sell.",Human review,Yes,Inconsistent,Low,High,High,Human review,Yes,4,0,0,No
ILS-095,"I am 68 and I am describing my investment situation for an automated advisory service. I am dealing with a medical issue that could create large bills. I recently changed jobs and do not have much cash set aside, and I may need to withdraw most of this account within the next nine months. I do not sleep well when investments lose value. I should probably not rely only on an automated recommendation unless the case is reviewed carefully.",I am dealing with a medical issue that could create large bills; I may need to withdraw most of this account within the next nine months; I do not sleep well when investments lose value,Human review,Yes,Low,Low,Urgent,High,Human review,Yes,4,0,0,No
ILS-096,"As a 42-year-old retail investor, I want the system to understand my situation before recommending a portfolio. My main goal is retirement planning more than fifteen years away. I have stable consulting income, and I have a strong cash buffer and no major short-term debts. I have no planned withdrawals from this account in the near future. I am willing to accept higher risk for higher expected return, and I would prefer a recommendation that emphasizes long-term growth while still remaining diversified.","My main goal is retirement planning more than fifteen years away.; I have stable consulting income, and I have a strong cash buffer and no major short-term debts; I have no planned withdrawals from this account in the near future; I am willing to accept higher risk for higher expected return",Aggressive growth,No,High,High,Low,Low,Aggressive growth,No,3,0,1,No
ILS-097,"I am 28 and would like investment advice that reflects my goals and constraints. I recently lost my job and my savings are limited. My income is irregular and my emergency fund is small, and I need access to cash this year for medical expenses. I prefer avoiding losses even if returns are lower. I should probably not rely only on an automated recommendation unless the case is reviewed carefully.",I recently lost my job and my savings are limited; I need access to cash this year for medical expenses; I prefer avoiding losses even if returns are lower,Human review,Yes,Low,Low,Urgent,High,Human review,Yes,4,0,0,No
ILS-098,"As a 38-year-old retail investor, I want the system to understand my situation before recommending a portfolio. I have not decided whether this is for retirement, a house, or general savings. I have not checked whether my emergency fund is enough. I do not know whether I should be conservative or aggressive. I would like the robo-adviser to recommend something, but I realize important information may still be missing.","I have not decided whether this is for retirement, a house, or general savings; I have not checked whether my emergency fund is enough; I do not know whether I should be conservative or aggressive",Human review,Yes,Inconsistent,Low,High,High,Human review,Yes,4,0,0,No
ILS-099,"I am 51 and I am describing my investment situation for an automated advisory service. I want to increase my retirement savings quickly. I have several fixed expenses and only a small emergency reserve. I could withdraw a small portion in the medium term. Recent headlines make me feel I should invest aggressively immediately. I am asking for a recommendation, but I may be putting too much weight on recent market excitement.",I have several fixed expenses and only a small emergency reserve; I could withdraw a small portion in the medium term; Recent headlines make me feel I should invest aggressively immediately,Human review,Yes,High,Low,Moderate,High,Human review,Yes,4,0,0,No
ILS-100,"I am 55 and I am describing my investment situation for an automated advisory service. My main goal is long-term wealth growth. My emergency savings are already funded and this money is not needed for bills. This money is for long-term goals and I can leave it invested through market cycles. I became frightened by volatility and stopped investing for a while. I am tempted by growth funds, but I worry I will sell again in a downturn.","I became frightened by volatility and stopped investing for a while; I am tempted by growth funds, but I worry I will sell again in a downturn.",Balanced,No,Low,High,Low,Medium,Conservative,No,0,4,0,No
ILS-101,I am 70 and I am either retired or close to retirement. I want the account to produce reliable income and avoid a large drawdown. I have no high-interest debt and a separate emergency fund. I might need a portion of the funds for a home improvement project in a few years. I prefer avoiding losses even if returns are lower. I prefer stability and clear explanation over maximum growth.,Reliable income and avoid a large drawdown; I might need a portion of the funds for a home improvement project in a few years; I prefer avoiding losses even if returns are lower,Conservative,No,Low,High,Moderate,Low,Conservative,No,4,0,0,No
ILS-102,"I am 64 and would like investment advice that reflects my goals and constraints. I have two goals at the same time: tuition soon and future family security later. I may need a large part of the money within eighteen months. I can save monthly, although I still have normal household commitments. I understand that equity markets can fall and I would stay invested, but I am unsure whether one portfolio can serve both the short-term and long-term goals.","Tuition soon and future family security later; I may need a large part of the money within eighteen months; I can save monthly, although I still have normal household commitments",Human review,Yes,Inconsistent,Moderate,High,High,Human review,Yes,4,0,0,No
ILS-103,"As a 38-year-old retail investor, I want the system to understand my situation before recommending a portfolio. I am trying to grow funds for a future home purchase. I have several fixed expenses and only a small emergency reserve, and I need access to cash this year for medical expenses. I want a very high-return strategy even though I cannot afford a big setback. At the same time, I cannot tolerate losing much of this money. I need advice because my desire for high return may not match my ability to absorb losses.","I have several fixed expenses and only a small emergency reserve; I need access to cash this year for medical expenses; I want a very high-return strategy even though I cannot afford a big setback; At the same time, I cannot tolerate losing much of this money.",Human review,Yes,Inconsistent,Low,Urgent,High,Human review,Yes,4,0,0,No
ILS-104,I am 38 and would like investment advice that reflects my goals and constraints. This account partly supports my emergency reserve. I have a mortgage but my income covers regular expenses. I want some flexibility in case a family expense appears within the next four years. I become very uncomfortable when my account falls even a little. I would accept lower returns if that reduces the chance of a meaningful loss.,This account partly supports my emergency reserve.; I want some flexibility in case a family expense appears within the next four years; I become very uncomfortable when my account falls even a little,Capital preservation,No,Low,Moderate,Moderate,Medium,Capital preservation,No,4,0,0,No
ILS-105,"As a 28-year-old retail investor, I want the system to understand my situation before recommending a portfolio. I want the account to support stable income rather than large capital gains. I have a mortgage but my income covers regular expenses. I may need access to some cash before the end of five years. I would rather earn less than see big swings. I would accept lower returns if that reduces the chance of a meaningful loss.",I want the account to support stable income rather than large capital gains.; I may need access to some cash before the end of five years; I would rather earn less than see big swings,Conservative,No,Low,Moderate,Moderate,Low,Conservative,No,4,0,0,No
ILS-106,"As a 51-year-old retail investor, I want the system to understand my situation before recommending a portfolio. I am approaching retirement and want to protect what I have accumulated. My debt is manageable, but I would not want a large loss right before a major expense. I want some flexibility in case a family expense appears within the next four years. I would rather earn less than see big swings. I would accept lower returns if that reduces the chance of a meaningful loss.",I am approaching retirement and want to protect what I have accumulated.; I want some flexibility in case a family expense appears within the next four years; I would rather earn less than see big swings,Conservative,No,Low,Moderate,Moderate,Low,Conservative,No,4,0,0,No
ILS-107,"I am 51 and would like investment advice that reflects my goals and constraints. I have not decided whether this is for retirement, a house, or general savings. I have not checked whether my emergency fund is enough. I think I can take some risk, but I am not sure how much. I would like the robo-adviser to recommend something, but I realize important information may still be missing.","I have not decided whether this is for retirement, a house, or general savings; I have not checked whether my emergency fund is enough; I think I can take some risk, but I am not sure how much",Human review,Yes,Inconsistent,Low,High,High,Human review,Yes,4,0,0,No
ILS-108,"I am 38 and would like investment advice that reflects my goals and constraints. I have two goals at the same time: a business deposit soon and retirement later. I may need the money within six months. My income is irregular and my emergency fund is small. I am comfortable with moderate risk if the reason is clear, but I am unsure whether one portfolio can serve both the short-term and long-term goals.",A business deposit soon and retirement later; I may need the money within six months; My income is irregular and my emergency fund is small,Human review,Yes,Inconsistent,Low,Urgent,High,Human review,Yes,4,0,0,No
ILS-109,"I am 61 and I am either retired or close to retirement. I want the account to produce reliable income and avoid a large drawdown. I have some family expenses, but also a modest emergency fund. I want to keep access to the funds because a major expense is likely soon. I can tolerate normal market fluctuations. I prefer stability and clear explanation over maximum growth.",Reliable income and avoid a large drawdown; I want to keep access to the funds because a major expense is likely soon; I can tolerate normal market fluctuations,Conservative,No,Moderate,Moderate,High,Low,Conservative,No,2,2,0,No
ILS-110,"I am 51 and I am describing my investment situation for an automated advisory service. I may also use the money to reduce debt. My household depends mostly on one unstable income, and I want to keep access to the funds because a major expense is likely soon. I feel behind financially and want the portfolio to recover the gap as quickly as possible. A major loss would create serious stress for my household. I need advice because my desire for high return may not match my ability to absorb losses.",My household depends mostly on one unstable income; I want to keep access to the funds because a major expense is likely soon; I feel behind financially and want the portfolio to recover the gap as quickly as possible; A major loss would create serious stress for my household.,Human review,Yes,Inconsistent,Low,Urgent,High,Human review,Yes,4,0,0,No
ILS-111,"I am 68 and I am describing my investment situation for an automated advisory service. I do not know how much of this account I might need. My debt level may change soon. I think I can take some risk, but I am not sure how much. I would like the robo-adviser to recommend something, but I realize important information may still be missing.","I do not know how much of this account I might need; My debt level may change soon; I think I can take some risk, but I am not sure how much",Human review,Yes,Inconsistent,Low,High,High,Human review,Yes,4,0,0,No
ILS-112,"I am 72 and would like investment advice that reflects my goals and constraints. This account is for retirement rather than short-term spending. I have a secure full-time job, and I have a strong cash buffer and no major short-term debts. I will not need this account for everyday expenses. I want growth but with a controlled level of volatility, and I would prefer a recommendation that emphasizes long-term growth while still remaining diversified.","This account is for retirement rather than short-term spending.; I have a secure full-time job, and I have a strong cash buffer and no major short-term debts; I will not need this account for everyday expenses; I want growth but with a controlled level of volatility",Growth,No,Moderate,High,Low,Low,Growth,No,2,0,2,Yes
ILS-113,"My situation is as follows: I am 51 and I want a portfolio recommendation based on my circumstances. I am new to investing and I do not fully understand the risks. My income is irregular and my emergency fund is small, and I have a tax payment due soon and may need to use these funds. I become very uncomfortable when my account falls even a little. I should probably not rely only on an automated recommendation unless the case is reviewed carefully.",I am new to investing and I do not fully understand the risks; I have a tax payment due soon and may need to use these funds; I become very uncomfortable when my account falls even a little,Human review,Yes,Low,Low,Urgent,High,Human review,Yes,4,0,0,No
ILS-114,"My situation is as follows: I am 55 and I want a portfolio recommendation based on my circumstances. The main goal is a home down payment. This money may be needed for rent and family expenses very soon. My income is irregular and my emergency fund is small. I would rather earn less than see big swings. I still want the money to earn something, but I cannot risk losing funds that may be needed soon.",The main goal is a home down payment.; This money may be needed for rent and family expenses very soon; My income is irregular and my emergency fund is small,Human review,Yes,Low,Low,Urgent,High,Human review,Yes,4,0,0,No
ILS-115,"My situation is as follows: I am 42 and I want a portfolio recommendation based on my circumstances. I have two goals at the same time: tuition soon and retirement later. I may need this money for a business deposit in the next year or two. My emergency savings are already funded and this money is not needed for bills. I am willing to accept higher risk for higher expected return, but I am unsure whether one portfolio can serve both the short-term and long-term goals.",Tuition soon and retirement later; I may need this money for a business deposit in the next year or two; My emergency savings are already funded and this money is not needed for bills,Balanced,No,Moderate,High,High,High,Human review,Yes,0,4,0,No
ILS-116,I am 70 and I am either retired or close to retirement. I want the account to produce reliable income and avoid a large drawdown. I have a mortgage but my income covers regular expenses. I may need this money for a business deposit in the next year or two. I get anxious during market declines. I prefer stability and clear explanation over maximum growth.,Reliable income and avoid a large drawdown; I may need this money for a business deposit in the next year or two; I get anxious during market declines,Conservative,No,Low,Moderate,High,Low,Conservative,No,4,0,0,No
ILS-117,"I am 55 and would like investment advice that reflects my goals and constraints. I have two goals at the same time: medical costs soon and long-term wealth growth later. I want to keep access to the funds because a major expense is likely soon. I have a strong cash buffer and no major short-term debts. I want growth but with a controlled level of volatility, but I am unsure whether one portfolio can serve both the short-term and long-term goals.",Medical costs soon and long-term wealth growth later; I want to keep access to the funds because a major expense is likely soon; I have a strong cash buffer and no major short-term debts,Balanced,No,Moderate,High,High,High,Human review,Yes,0,4,0,No
ILS-118,"I am 31 and would like investment advice that reflects my goals and constraints. The main goal is education funding. I may need the money within six months. I have some family expenses, but also a modest emergency fund. I prefer a balanced approach rather than the highest possible return. I still want the money to earn something, but I cannot risk losing funds that may be needed soon.","The main goal is education funding.; I may need the money within six months; I have some family expenses, but also a modest emergency fund",Human review,Yes,Moderate,Moderate,Urgent,High,Human review,Yes,4,0,0,No
ILS-119,I am 31 and I am describing my investment situation for an automated advisory service. This account partly supports my emergency reserve. I have a mortgage but my income covers regular expenses. I may use part of the money in three to five years. I prefer avoiding losses even if returns are lower. I would accept lower returns if that reduces the chance of a meaningful loss.,This account partly supports my emergency reserve.; I may use part of the money in three to five years; I prefer avoiding losses even if returns are lower,Capital preservation,No,Low,Moderate,Moderate,Medium,Capital preservation,No,4,0,0,No
ILS-120,"I am 72 and I am describing my investment situation for an automated advisory service. I may also use the money to reduce debt. My income is irregular and my emergency fund is small, and I expect to use part of the funds for tuition in about two years. I want a very high-return strategy even though I cannot afford a big setback. A major loss would create serious stress for my household. I need advice because my desire for high return may not match my ability to absorb losses.",My income is irregular and my emergency fund is small; I expect to use part of the funds for tuition in about two years; I want a very high-return strategy even though I cannot afford a big setback; A major loss would create serious stress for my household.,Human review,Yes,Inconsistent,Low,High,High,Human review,Yes,4,0,0,No
ILS-121,"I am 67 and I am either retired or close to retirement. I want the account to produce reliable income and avoid a large drawdown. My debt is manageable, but I would not want a large loss right before a major expense. I may need a large part of the money within eighteen months. I can accept some ups and downs but not extreme losses. I prefer stability and clear explanation over maximum growth.",Reliable income and avoid a large drawdown; I may need a large part of the money within eighteen months; I can accept some ups and downs but not extreme losses,Conservative,No,Moderate,Moderate,High,Low,Conservative,No,4,0,0,No
ILS-122,"My situation is as follows: I am 55 and I want a portfolio recommendation based on my circumstances. This account is for retirement rather than short-term spending. My household income is steady, and this investment account is separate from my living expenses. This money is for long-term goals and I can leave it invested through market cycles. I do not panic when markets move sharply, and I would prefer a recommendation that emphasizes long-term growth while still remaining diversified.","This account is for retirement rather than short-term spending.; My household income is steady, and this investment account is separate from my living expenses; This money is for long-term goals and I can leave it invested through market cycles; I do not panic when markets move sharply",Aggressive growth,No,High,High,Low,Low,Aggressive growth,No,3,0,1,No
ILS-123,"As a 64-year-old retail investor, I want the system to understand my situation before recommending a portfolio. I have not decided whether this is for retirement, a house, or general savings. My income may change, but I cannot estimate by how much. I am unsure how much volatility I could accept. I would like the robo-adviser to recommend something, but I realize important information may still be missing.","I have not decided whether this is for retirement, a house, or general savings; My income may change, but I cannot estimate by how much; I am unsure how much volatility I could accept",Human review,Yes,Inconsistent,Low,High,High,Human review,Yes,4,0,0,No
ILS-124,"As a 42-year-old retail investor, I want the system to understand my situation before recommending a portfolio. My main goal is long-term wealth accumulation. My household income is steady, and I have stable income, manageable debt, and cash reserves outside this account. This money is for long-term goals and I can leave it invested through market cycles. I am comfortable with moderate risk if the reason is clear, and I would prefer a recommendation that emphasizes long-term growth while still remaining diversified.","My main goal is long-term wealth accumulation.; My household income is steady, and I have stable income, manageable debt, and cash reserves outside this account; This money is for long-term goals and I can leave it invested through market cycles; I am comfortable with moderate risk if the reason is clear",Growth,No,Moderate,High,Low,Low,Growth,No,3,0,1,No
ILS-125,"My situation is as follows: I am 42 and I want a portfolio recommendation based on my circumstances. I am investing mainly for retirement more than fifteen years away. I have a secure full-time job, and I have stable income, manageable debt, and cash reserves outside this account. I do not expect to withdraw this money for at least ten years. I prefer a balanced approach rather than the highest possible return, and I would prefer a recommendation that emphasizes long-term growth while still remaining diversified.","I am investing mainly for retirement more than fifteen years away.; I have a secure full-time job, and I have stable income, manageable debt, and cash reserves outside this account; I do not expect to withdraw this money for at least ten years; I prefer a balanced approach rather than the highest possible return",Growth,No,Moderate,High,Low,Low,Growth,No,3,0,1,No
ILS-126,I am 61 and I am either retired or close to retirement. I want the account to produce reliable income and avoid a large drawdown. I have a strong cash buffer and no major short-term debts. I may need this money for a business deposit in the next year or two. I become very uncomfortable when my account falls even a little. I prefer stability and clear explanation over maximum growth.,Reliable income and avoid a large drawdown; I may need this money for a business deposit in the next year or two; I become very uncomfortable when my account falls even a little,Conservative,No,Low,High,High,Medium,Conservative,No,4,0,0,No
ILS-127,"My situation is as follows: I am 38 and I want a portfolio recommendation based on my circumstances. I have two goals at the same time: tuition soon and long-term wealth growth later. I may need the money within six months. My household depends mostly on one unstable income. I can tolerate normal market fluctuations, but I am unsure whether one portfolio can serve both the short-term and long-term goals.",Tuition soon and long-term wealth growth later; I may need the money within six months; My household depends mostly on one unstable income,Human review,Yes,Inconsistent,Low,Urgent,High,Human review,Yes,4,0,0,No
ILS-128,"My situation is as follows: I am 28 and I want a portfolio recommendation based on my circumstances. My main goal is retirement. I have some family expenses, but also a modest emergency fund. I do not expect to withdraw this money for at least ten years. When markets fell, I moved everything to cash and later regretted it. I say I want growth, but my past behavior makes me uncertain.","When markets fell, I moved everything to cash and later regretted it; I say I want growth, but my past behavior makes me uncertain.",Balanced,No,Inconsistent,Moderate,Low,Medium,Conservative,No,0,4,0,No
ILS-129,"I am 72 and would like investment advice that reflects my goals and constraints. I am trying to grow funds for a future home purchase. I have several fixed expenses and only a small emergency reserve, and I may need a large part of the money within eighteen months. I would like to take a lot of risk so the account can grow fast. I am not sure I could stay invested if markets fell. I need advice because my desire for high return may not match my ability to absorb losses.",I have several fixed expenses and only a small emergency reserve; I may need a large part of the money within eighteen months; I would like to take a lot of risk so the account can grow fast; I am not sure I could stay invested if markets fell.,Human review,Yes,Inconsistent,Low,High,High,Human review,Yes,4,0,0,No
ILS-130,"As a 51-year-old retail investor, I want the system to understand my situation before recommending a portfolio. I may also use the money to reduce debt. I still carry high-interest debt and have limited savings, and I need access to cash this year for medical expenses. I feel behind financially and want the portfolio to recover the gap as quickly as possible. I am not sure I could stay invested if markets fell. I need advice because my desire for high return may not match my ability to absorb losses.",I still carry high-interest debt and have limited savings; I need access to cash this year for medical expenses; I feel behind financially and want the portfolio to recover the gap as quickly as possible; I am not sure I could stay invested if markets fell.,Human review,Yes,Inconsistent,Low,Urgent,High,Human review,Yes,4,0,0,No
ILS-131,"My situation is as follows: I am 55 and I want a portfolio recommendation based on my circumstances. I want this account to grow over the long run. My household income is steady, and this investment account is separate from my living expenses. I have no planned withdrawals from this account in the near future. I can accept some ups and downs but not extreme losses, and I would prefer a recommendation that emphasizes long-term growth while still remaining diversified.","I want this account to grow over the long run.; My household income is steady, and this investment account is separate from my living expenses; I have no planned withdrawals from this account in the near future; I can accept some ups and downs but not extreme losses",Growth,No,Moderate,High,Low,Low,Growth,No,3,0,1,No
ILS-132,"My situation is as follows: I am 51 and I want a portfolio recommendation based on my circumstances. I want to build wealth faster than I have so far. I have some family expenses, but also a modest emergency fund. This money is for long-term goals and I can leave it invested through market cycles. I believe I can beat the market by moving in and out quickly. I am asking for a recommendation, but I may be putting too much weight on recent market excitement.","I have some family expenses, but also a modest emergency fund; This money is for long-term goals and I can leave it invested through market cycles; I believe I can beat the market by moving in and out quickly",Growth,No,High,Moderate,Low,Medium,Growth,No,2,1,1,Yes
ILS-133,"My situation is as follows: I am 55 and I want a portfolio recommendation based on my circumstances. I recently lost my job and my savings are limited. My household depends mostly on one unstable income, and I have a tax payment due soon and may need to use these funds. I would rather earn less than see big swings. I should probably not rely only on an automated recommendation unless the case is reviewed carefully.",I recently lost my job and my savings are limited; I have a tax payment due soon and may need to use these funds; I would rather earn less than see big swings,Human review,Yes,Low,Low,Urgent,High,Human review,Yes,4,0,0,No
ILS-134,"My situation is as follows: I am 51 and I want a portfolio recommendation based on my circumstances. I am building an education fund and want the money to grow without excessive risk. My income is predictable, although I have some family expenses, but also a modest emergency fund. I may need access to some cash before the end of five years. I can tolerate normal market fluctuations, so I would prefer a portfolio that balances growth and stability.",I am building an education fund and want the money to grow without excessive risk.; I may need access to some cash before the end of five years; I can tolerate normal market fluctuations,Balanced,No,Moderate,Moderate,Moderate,Low,Balanced,No,4,0,0,No
ILS-135,"As a 46-year-old retail investor, I want the system to understand my situation before recommending a portfolio. I have two goals at the same time: a home down payment soon and retirement later. I want to keep access to the funds because a major expense is likely soon. My income is irregular and my emergency fund is small. I understand that equity markets can fall and I would stay invested, but I am unsure whether one portfolio can serve both the short-term and long-term goals.",A home down payment soon and retirement later; I want to keep access to the funds because a major expense is likely soon; My income is irregular and my emergency fund is small,Human review,Yes,Inconsistent,Low,High,High,Human review,Yes,4,0,0,No
ILS-136,"I am 60 and I am describing my investment situation for an automated advisory service. The main goal is a home down payment. I may need the money within six months. My household depends mostly on one unstable income. I prefer avoiding losses even if returns are lower. I still want the money to earn something, but I cannot risk losing funds that may be needed soon.",The main goal is a home down payment.; I may need the money within six months; My household depends mostly on one unstable income,Human review,Yes,Low,Low,Urgent,High,Human review,Yes,4,0,0,No
ILS-137,"I am 55 and I am describing my investment situation for an automated advisory service. My main goal is long-term wealth accumulation. My income is predictable, and my emergency savings are already funded and this money is not needed for bills. I will not need this account for everyday expenses. I can tolerate normal market fluctuations, and I would prefer a recommendation that emphasizes long-term growth while still remaining diversified.","My main goal is long-term wealth accumulation.; My income is predictable, and my emergency savings are already funded and this money is not needed for bills; I will not need this account for everyday expenses; I can tolerate normal market fluctuations",Growth,No,Moderate,High,Low,Low,Growth,No,3,0,1,No
ILS-138,"I am 73 and I am either retired or close to retirement. I want the account to produce reliable income and avoid a large drawdown. I have some family expenses, but also a modest emergency fund. I could withdraw a small portion in the medium term. I become very uncomfortable when my account falls even a little. I prefer stability and clear explanation over maximum growth.",Reliable income and avoid a large drawdown; I could withdraw a small portion in the medium term; I become very uncomfortable when my account falls even a little,Conservative,No,Low,Moderate,Moderate,Medium,Conservative,No,4,0,0,No
ILS-139,"My situation is as follows: I am 64 and I want a portfolio recommendation based on my circumstances. I want general wealth growth but do not want a very aggressive strategy. My salary is stable, although I have a mortgage but my income covers regular expenses. I may use part of the money in three to five years. I can tolerate normal market fluctuations, so I would prefer a portfolio that balances growth and stability.",I want general wealth growth but do not want a very aggressive strategy.; I may use part of the money in three to five years; I can tolerate normal market fluctuations,Balanced,No,Moderate,Moderate,Moderate,Low,Balanced,No,4,0,0,No
ILS-140,"As a 55-year-old retail investor, I want the system to understand my situation before recommending a portfolio. My main goal is retirement planning more than fifteen years away. My income is predictable, and my emergency savings are already funded and this money is not needed for bills. This money is for long-term goals and I can leave it invested through market cycles. I want growth but with a controlled level of volatility, and I would prefer a recommendation that emphasizes long-term growth while still remaining diversified.","My main goal is retirement planning more than fifteen years away.; My income is predictable, and my emergency savings are already funded and this money is not needed for bills; This money is for long-term goals and I can leave it invested through market cycles; I want growth but with a controlled level of volatility",Growth,No,Moderate,High,Low,Low,Growth,No,3,0,1,No
ILS-141,I am 38 and I am describing my investment situation for an automated advisory service. My main goal is long-term wealth growth. My emergency savings are already funded and this money is not needed for bills. This money is for long-term goals and I can leave it invested through market cycles. During the last market decline I sold funds at a loss because I panicked. I want a portfolio that helps me avoid another emotional mistake.,During the last market decline I sold funds at a loss because I panicked; I want a portfolio that helps me avoid another emotional mistake.,Balanced,No,Inconsistent,High,Low,Medium,Conservative,No,0,4,0,No
ILS-142,"My situation is as follows: I am 34 and I want a portfolio recommendation based on my circumstances. I am investing mainly for retirement more than fifteen years away. My household income is steady, and this investment account is separate from my living expenses. This money is for long-term goals and I can leave it invested through market cycles. I am comfortable with large short-term swings, and I would prefer a recommendation that emphasizes long-term growth while still remaining diversified.","I am investing mainly for retirement more than fifteen years away.; My household income is steady, and this investment account is separate from my living expenses; This money is for long-term goals and I can leave it invested through market cycles; I am comfortable with large short-term swings",Aggressive growth,No,High,High,Low,Low,Aggressive growth,No,3,0,1,No
ILS-143,"My situation is as follows: I am 68 and I want a portfolio recommendation based on my circumstances. I am saving toward a home purchase but the exact timing is still a few years away. I have stable consulting income, although I can save monthly, although I still have normal household commitments. This money is for long-term goals and I can leave it invested through market cycles. I am comfortable with moderate risk if the reason is clear, so I would prefer a portfolio that balances growth and stability.",I am saving toward a home purchase but the exact timing is still a few years away.; This money is for long-term goals and I can leave it invested through market cycles; I am comfortable with moderate risk if the reason is clear,Balanced,No,Moderate,Moderate,Low,Low,Balanced,No,4,0,0,No
ILS-144,"I am 31 and I am describing my investment situation for an automated advisory service. I am investing for retirement and would like steady long-term growth. I have stable consulting income, although I have some family expenses, but also a modest emergency fund. I could withdraw a small portion in the medium term. I want growth but with a controlled level of volatility, so I would prefer a portfolio that balances growth and stability.",I am investing for retirement and would like steady long-term growth.; I could withdraw a small portion in the medium term; I want growth but with a controlled level of volatility,Balanced,No,Moderate,Moderate,Moderate,Low,Balanced,No,4,0,0,No
ILS-145,"I am 51 and I am describing my investment situation for an automated advisory service. I do not know how much of this account I might need. My debt level may change soon. I think I can take some risk, but I am not sure how much. I would like the robo-adviser to recommend something, but I realize important information may still be missing.","I do not know how much of this account I might need; My debt level may change soon; I think I can take some risk, but I am not sure how much",Human review,Yes,Inconsistent,Low,High,High,Human review,Yes,4,0,0,No
ILS-146,"I am 60 and would like investment advice that reflects my goals and constraints. I may also use the money to reduce debt. I recently changed jobs and do not have much cash set aside, and I have a tax payment due soon and may need to use these funds. I want a very high-return strategy even though I cannot afford a big setback. A major loss would create serious stress for my household. I need advice because my desire for high return may not match my ability to absorb losses.",I recently changed jobs and do not have much cash set aside; I have a tax payment due soon and may need to use these funds; I want a very high-return strategy even though I cannot afford a big setback; A major loss would create serious stress for my household.,Human review,Yes,Inconsistent,Low,Urgent,High,Human review,Yes,4,0,0,No
ILS-147,I am 51 and would like investment advice that reflects my goals and constraints. I am approaching retirement and want to protect what I have accumulated. I have a mortgage but my income covers regular expenses. I expect to use part of the funds for tuition in about two years. I do not sleep well when investments lose value. I would accept lower returns if that reduces the chance of a meaningful loss.,I am approaching retirement and want to protect what I have accumulated.; I expect to use part of the funds for tuition in about two years; I do not sleep well when investments lose value,Capital preservation,No,Low,Moderate,High,Medium,Capital preservation,No,4,0,0,No
ILS-148,"As a 68-year-old retail investor, I want the system to understand my situation before recommending a portfolio. My retirement savings are behind schedule. I still carry high-interest debt and have limited savings, and I may need the money within six months. I feel behind financially and want the portfolio to recover the gap as quickly as possible. If the account dropped sharply, I would probably need to sell. I need advice because my desire for high return may not match my ability to absorb losses.","I still carry high-interest debt and have limited savings; I may need the money within six months; I feel behind financially and want the portfolio to recover the gap as quickly as possible; If the account dropped sharply, I would probably need to sell.",Human review,Yes,Inconsistent,Low,Urgent,High,Human review,Yes,4,0,0,No
ILS-149,"As a 38-year-old retail investor, I want the system to understand my situation before recommending a portfolio. I have two goals at the same time: a business deposit soon and long-term wealth growth later. I need access to cash this year for medical expenses. I have several fixed expenses and only a small emergency reserve. I can accept some ups and downs but not extreme losses, but I am unsure whether one portfolio can serve both the short-term and long-term goals.",A business deposit soon and long-term wealth growth later; I need access to cash this year for medical expenses; I have several fixed expenses and only a small emergency reserve,Human review,Yes,Inconsistent,Low,Urgent,High,Human review,Yes,4,0,0,No
ILS-150,"My situation is as follows: I am 51 and I want a portfolio recommendation based on my circumstances. The main goal is a business deposit. I am considering a home down payment within the next two years. My income is irregular and my emergency fund is small. I would rather earn less than see big swings. I still want the money to earn something, but I cannot risk losing funds that may be needed soon.",The main goal is a business deposit.; I am considering a home down payment within the next two years; My income is irregular and my emergency fund is small,Human review,Yes,Low,Low,High,High,Human review,Yes,4,0,0,No
ILS-151,"My situation is as follows: I am 38 and I want a portfolio recommendation based on my circumstances. I have two goals at the same time: tuition soon and future family security later. I have a tax payment due soon and may need to use these funds. I can save monthly, although I still have normal household commitments. I am comfortable with large short-term swings, but I am unsure whether one portfolio can serve both the short-term and long-term goals.","Tuition soon and future family security later; I have a tax payment due soon and may need to use these funds; I can save monthly, although I still have normal household commitments",Human review,Yes,Inconsistent,Moderate,Urgent,High,Human review,Yes,4,0,0,No
ILS-152,"As a 51-year-old retail investor, I want the system to understand my situation before recommending a portfolio. I may use some of the funds to reduce debt if rates stay high. I still carry high-interest debt and have limited savings. I may need this money for a business deposit in the next year or two. I prefer avoiding losses even if returns are lower. I would accept lower returns if that reduces the chance of a meaningful loss.",I may use some of the funds to reduce debt if rates stay high.; I may need this money for a business deposit in the next year or two; I prefer avoiding losses even if returns are lower,Capital preservation,No,Low,Low,High,Medium,Capital preservation,No,4,0,0,No
ILS-153,I am 58 and I am either retired or close to retirement. I want the account to produce reliable income and avoid a large drawdown. I have no high-interest debt and a separate emergency fund. I want to keep access to the funds because a major expense is likely soon. I prefer a balanced approach rather than the highest possible return. I prefer stability and clear explanation over maximum growth.,Reliable income and avoid a large drawdown; I want to keep access to the funds because a major expense is likely soon; I prefer a balanced approach rather than the highest possible return,Conservative,No,Moderate,High,High,Low,Conservative,No,2,2,0,No
ILS-154,"My situation is as follows: I am 64 and I want a portfolio recommendation based on my circumstances. My main goal is saving for education expenses. I have a stable job, but my cash buffer is only moderate. I may use part of the money in three to five years. I usually say I can take risk, but I sold quickly during the last downturn. I say I want growth, but my past behavior makes me uncertain.","I usually say I can take risk, but I sold quickly during the last downturn; I say I want growth, but my past behavior makes me uncertain.",Conservative,No,Inconsistent,Moderate,Moderate,Medium,Conservative,No,3,1,0,No
ILS-155,I am 70 and I am either retired or close to retirement. I want the account to produce reliable income and avoid a large drawdown. I have a strong cash buffer and no major short-term debts. I may need access to some cash before the end of five years. I prefer a balanced approach rather than the highest possible return. I prefer stability and clear explanation over maximum growth.,Reliable income and avoid a large drawdown; I may need access to some cash before the end of five years; I prefer a balanced approach rather than the highest possible return,Balanced,No,Moderate,High,Moderate,Low,Balanced,No,4,0,0,No
ILS-156,"My situation is as follows: I am 55 and I want a portfolio recommendation based on my circumstances. I may use some of the funds to reduce debt if rates stay high. I have a stable job, but my cash buffer is only moderate. I expect to use part of the funds for tuition in about two years. I would rather earn less than see big swings. I would accept lower returns if that reduces the chance of a meaningful loss.",I may use some of the funds to reduce debt if rates stay high.; I expect to use part of the funds for tuition in about two years; I would rather earn less than see big swings,Capital preservation,No,Low,Moderate,High,Medium,Capital preservation,No,4,0,0,No
ILS-157,"I am 38 and would like investment advice that reflects my goals and constraints. I am investing for retirement and would like steady long-term growth. I have a secure full-time job, although I have a stable job, but my cash buffer is only moderate. I will not need this account for everyday expenses. I want growth but with a controlled level of volatility, so I would prefer a portfolio that balances growth and stability.",I am investing for retirement and would like steady long-term growth.; I will not need this account for everyday expenses; I want growth but with a controlled level of volatility,Balanced,No,Moderate,Moderate,Low,Low,Balanced,No,4,0,0,No
ILS-158,"I am 58 and I am either retired or close to retirement. I want the account to produce reliable income and avoid a large drawdown. I have stable income, manageable debt, and cash reserves outside this account. I could withdraw a small portion in the medium term. I am comfortable with moderate risk if the reason is clear. I prefer stability and clear explanation over maximum growth.",Reliable income and avoid a large drawdown; I could withdraw a small portion in the medium term; I am comfortable with moderate risk if the reason is clear,Balanced,No,Moderate,High,Moderate,Low,Balanced,No,4,0,0,No
ILS-159,"I am 31 and would like investment advice that reflects my goals and constraints. My retirement savings are behind schedule. I still carry high-interest debt and have limited savings, and I may need this money for a business deposit in the next year or two. I would like to take a lot of risk so the account can grow fast. If the account dropped sharply, I would probably need to sell. I need advice because my desire for high return may not match my ability to absorb losses.","I still carry high-interest debt and have limited savings; I may need this money for a business deposit in the next year or two; I would like to take a lot of risk so the account can grow fast; If the account dropped sharply, I would probably need to sell.",Human review,Yes,Inconsistent,Low,High,High,Human review,Yes,4,0,0,No
ILS-160,"I am 31 and I am describing my investment situation for an automated advisory service. The main goal is covering possible healthcare costs. I may need a large part of the money within eighteen months. I recently changed jobs and do not have much cash set aside. I prefer a balanced approach rather than the highest possible return. I still want the money to earn something, but I cannot risk losing funds that may be needed soon.",The main goal is covering possible healthcare costs.; I may need a large part of the money within eighteen months; I recently changed jobs and do not have much cash set aside,Human review,Yes,Moderate,Low,High,High,Human review,Yes,4,0,0,No
ILS-161,"As a 34-year-old retail investor, I want the system to understand my situation before recommending a portfolio. I am saving toward a home purchase but the exact timing is still a few years away. My salary is stable, although my debt is manageable, but I would not want a large loss right before a major expense. I might need a portion of the funds for a home improvement project in a few years. I can accept some ups and downs but not extreme losses, so I would prefer a portfolio that balances growth and stability.",I am saving toward a home purchase but the exact timing is still a few years away.; I might need a portion of the funds for a home improvement project in a few years; I can accept some ups and downs but not extreme losses,Balanced,No,Moderate,Moderate,Moderate,Low,Balanced,No,4,0,0,No
ILS-162,"As a 42-year-old retail investor, I want the system to understand my situation before recommending a portfolio. I want the account to support stable income rather than large capital gains. I still carry high-interest debt and have limited savings. I could withdraw a small portion in the medium term. I become very uncomfortable when my account falls even a little. I would accept lower returns if that reduces the chance of a meaningful loss.",I want the account to support stable income rather than large capital gains.; I could withdraw a small portion in the medium term; I become very uncomfortable when my account falls even a little,Conservative,No,Low,Low,Moderate,Low,Conservative,No,4,0,0,No
ILS-163,I am 42 and would like investment advice that reflects my goals and constraints. I may use some of the funds to reduce debt if rates stay high. I recently changed jobs and do not have much cash set aside. I might need a portion of the funds for a home improvement project in a few years. I would rather earn less than see big swings. I would accept lower returns if that reduces the chance of a meaningful loss.,I may use some of the funds to reduce debt if rates stay high.; I might need a portion of the funds for a home improvement project in a few years; I would rather earn less than see big swings,Conservative,No,Low,Low,Moderate,Low,Conservative,No,4,0,0,No
ILS-164,"As a 42-year-old retail investor, I want the system to understand my situation before recommending a portfolio. I am new to investing and I do not fully understand the risks. I still carry high-interest debt and have limited savings, and I need access to cash this year for medical expenses. I become very uncomfortable when my account falls even a little. I should probably not rely only on an automated recommendation unless the case is reviewed carefully.",I am new to investing and I do not fully understand the risks; I need access to cash this year for medical expenses; I become very uncomfortable when my account falls even a little,Human review,Yes,Low,Low,Urgent,High,Human review,Yes,4,0,0,No
ILS-165,"I am 51 and would like investment advice that reflects my goals and constraints. I hope to grow capital that could later support a business idea. I have some family expenses, but also a modest emergency fund. I may need access to some cash before the end of five years. Recent headlines make me feel I should invest aggressively immediately. I am asking for a recommendation, but I may be putting too much weight on recent market excitement.","I have some family expenses, but also a modest emergency fund; I may need access to some cash before the end of five years; Recent headlines make me feel I should invest aggressively immediately",Human review,Yes,High,Moderate,Moderate,High,Human review,Yes,4,0,0,No
ILS-166,"As a 64-year-old retail investor, I want the system to understand my situation before recommending a portfolio. I have two goals at the same time: a business deposit soon and retirement later. I expect to use part of the funds for tuition in about two years. I recently changed jobs and do not have much cash set aside. I do not panic when markets move sharply, but I am unsure whether one portfolio can serve both the short-term and long-term goals.",A business deposit soon and retirement later; I expect to use part of the funds for tuition in about two years; I recently changed jobs and do not have much cash set aside,Human review,Yes,Inconsistent,Low,High,High,Human review,Yes,4,0,0,No
ILS-167,"I am 34 and would like investment advice that reflects my goals and constraints. I have two goals at the same time: medical costs soon and long-term wealth growth later. I need access to cash this year for medical expenses. I still carry high-interest debt and have limited savings. I am comfortable with large short-term swings, but I am unsure whether one portfolio can serve both the short-term and long-term goals.",Medical costs soon and long-term wealth growth later; I need access to cash this year for medical expenses; I still carry high-interest debt and have limited savings,Human review,Yes,Inconsistent,Low,Urgent,High,Human review,Yes,4,0,0,No
ILS-168,"My situation is as follows: I am 55 and I want a portfolio recommendation based on my circumstances. I may also use the money to reduce debt. I still carry high-interest debt and have limited savings, and I may need this money for a business deposit in the next year or two. I would like to take a lot of risk so the account can grow fast. If the account dropped sharply, I would probably need to sell. I need advice because my desire for high return may not match my ability to absorb losses.","I still carry high-interest debt and have limited savings; I may need this money for a business deposit in the next year or two; I would like to take a lot of risk so the account can grow fast; If the account dropped sharply, I would probably need to sell.",Human review,Yes,Inconsistent,Low,High,High,Human review,Yes,4,0,0,No
ILS-169,"My situation is as follows: I am 68 and I want a portfolio recommendation based on my circumstances. My main goal is saving for education expenses. I have some family expenses, but also a modest emergency fund. I might need a portion of the funds for a home improvement project in a few years. I became frightened by volatility and stopped investing for a while. I say I want growth, but my past behavior makes me uncertain.","I became frightened by volatility and stopped investing for a while; I say I want growth, but my past behavior makes me uncertain.",Conservative,No,Inconsistent,Moderate,Moderate,Medium,Conservative,No,3,1,0,No
ILS-170,"I am 46 and would like investment advice that reflects my goals and constraints. I am building an education fund and want the money to grow without excessive risk. My salary is stable, although I have a mortgage but my income covers regular expenses. I might need a portion of the funds for a home improvement project in a few years. I can tolerate normal market fluctuations, so I would prefer a portfolio that balances growth and stability.",I am building an education fund and want the money to grow without excessive risk.; I might need a portion of the funds for a home improvement project in a few years; I can tolerate normal market fluctuations,Balanced,No,Moderate,Moderate,Moderate,Low,Balanced,No,4,0,0,No
ILS-171,"I am 72 and would like investment advice that reflects my goals and constraints. I am building an education fund and want the money to grow without excessive risk. My income is predictable, although I have some family expenses, but also a modest emergency fund. I will not need this account for everyday expenses. I am comfortable with moderate risk if the reason is clear, so I would prefer a portfolio that balances growth and stability.",I am building an education fund and want the money to grow without excessive risk.; I will not need this account for everyday expenses; I am comfortable with moderate risk if the reason is clear,Growth,No,Moderate,Moderate,Low,Low,Balanced,No,2,2,0,No
ILS-172,"I am 55 and I am describing my investment situation for an automated advisory service. My main goal is saving for education expenses. My emergency savings are already funded and this money is not needed for bills. This money is for long-term goals and I can leave it invested through market cycles. A previous loss made me exit the market at the worst moment. I would like a reasonable return, but I know I react badly to losses.","A previous loss made me exit the market at the worst moment; I would like a reasonable return, but I know I react badly to losses.",Balanced,No,Low,High,Low,Medium,Conservative,No,0,4,0,No
ILS-173,"I am 60 and would like investment advice that reflects my goals and constraints. I am not sure when I will need the money. I have not checked whether my emergency fund is enough. I might want growth, but I also do not want unpleasant surprises. I would like the robo-adviser to recommend something, but I realize important information may still be missing.","I am not sure when I will need the money; I have not checked whether my emergency fund is enough; I might want growth, but I also do not want unpleasant surprises",Human review,Yes,Inconsistent,Low,High,High,Human review,Yes,4,0,0,No
ILS-174,"I am 28 and would like investment advice that reflects my goals and constraints. I have two goals at the same time: tuition soon and financial independence later. I expect to use part of the funds for tuition in about two years. I can save monthly, although I still have normal household commitments. I am comfortable with moderate risk if the reason is clear, but I am unsure whether one portfolio can serve both the short-term and long-term goals.","Tuition soon and financial independence later; I expect to use part of the funds for tuition in about two years; I can save monthly, although I still have normal household commitments",Human review,Yes,Inconsistent,Moderate,High,High,Human review,Yes,4,0,0,No
ILS-175,"I am 42 and would like investment advice that reflects my goals and constraints. The main goal is education funding. I have a tax payment due soon and may need to use these funds. I recently changed jobs and do not have much cash set aside. I can accept some ups and downs but not extreme losses. I still want the money to earn something, but I cannot risk losing funds that may be needed soon.",The main goal is education funding.; I have a tax payment due soon and may need to use these funds; I recently changed jobs and do not have much cash set aside,Human review,Yes,Moderate,Low,Urgent,High,Human review,Yes,4,0,0,No
ILS-176,"I am 64 and I am either retired or close to retirement. I want the account to produce reliable income and avoid a large drawdown. My debt is manageable, but I would not want a large loss right before a major expense. I may need a large part of the money within eighteen months. I prefer a balanced approach rather than the highest possible return. I prefer stability and clear explanation over maximum growth.",Reliable income and avoid a large drawdown; I may need a large part of the money within eighteen months; I prefer a balanced approach rather than the highest possible return,Conservative,No,Moderate,Moderate,High,Low,Conservative,No,4,0,0,No
ILS-177,"My situation is as follows: I am 46 and I want a portfolio recommendation based on my circumstances. I am not sure when I will need the money. I have not reviewed my monthly budget recently. I am unsure how much volatility I could accept. I would like the robo-adviser to recommend something, but I realize important information may still be missing.",I am not sure when I will need the money; I have not reviewed my monthly budget recently; I am unsure how much volatility I could accept,Human review,Yes,Inconsistent,Low,High,High,Human review,Yes,4,0,0,No
ILS-178,"My situation is as follows: I am 42 and I want a portfolio recommendation based on my circumstances. I am investing mainly for retirement more than fifteen years away. My household income is steady, and I have no high-interest debt and a separate emergency fund. I have no planned withdrawals from this account in the near future. I want growth but with a controlled level of volatility, and I would prefer a recommendation that emphasizes long-term growth while still remaining diversified.","I am investing mainly for retirement more than fifteen years away.; My household income is steady, and I have no high-interest debt and a separate emergency fund; I have no planned withdrawals from this account in the near future; I want growth but with a controlled level of volatility",Growth,No,Moderate,High,Low,Low,Growth,No,3,0,1,No
ILS-179,My situation is as follows: I am 38 and I want a portfolio recommendation based on my circumstances. I want the account to support stable income rather than large capital gains. My household depends mostly on one unstable income. I am considering a home down payment within the next two years. I get anxious during market declines. I would accept lower returns if that reduces the chance of a meaningful loss.,I want the account to support stable income rather than large capital gains.; I am considering a home down payment within the next two years; I get anxious during market declines,Capital preservation,No,Low,Low,High,Medium,Capital preservation,No,4,0,0,No
ILS-180,"I am 55 and would like investment advice that reflects my goals and constraints. This account is for retirement rather than short-term spending. I have stable consulting income, and I have stable income, manageable debt, and cash reserves outside this account. I do not expect to withdraw this money for at least ten years. I prefer a balanced approach rather than the highest possible return, and I would prefer a recommendation that emphasizes long-term growth while still remaining diversified.","This account is for retirement rather than short-term spending.; I have stable consulting income, and I have stable income, manageable debt, and cash reserves outside this account; I do not expect to withdraw this money for at least ten years; I prefer a balanced approach rather than the highest possible return",Growth,No,Moderate,High,Low,Low,Growth,No,3,0,1,No
ILS-181,"I am 64 and would like investment advice that reflects my goals and constraints. I may also use the money to reduce debt. My household depends mostly on one unstable income, and I need access to cash this year for medical expenses. I want the most aggressive portfolio available because I need high returns quickly. At the same time, I cannot tolerate losing much of this money. I need advice because my desire for high return may not match my ability to absorb losses.","My household depends mostly on one unstable income; I need access to cash this year for medical expenses; I want the most aggressive portfolio available because I need high returns quickly; At the same time, I cannot tolerate losing much of this money.",Human review,Yes,Inconsistent,Low,Urgent,High,Human review,Yes,4,0,0,No
ILS-182,"I am 72 and I am describing my investment situation for an automated advisory service. I am going through a divorce and my expenses are uncertain. I have several fixed expenses and only a small emergency reserve, and this money may be needed for rent and family expenses very soon. I become very uncomfortable when my account falls even a little. I should probably not rely only on an automated recommendation unless the case is reviewed carefully.",I am going through a divorce and my expenses are uncertain; This money may be needed for rent and family expenses very soon; I become very uncomfortable when my account falls even a little,Human review,Yes,Low,Low,Urgent,High,Human review,Yes,4,0,0,No
ILS-183,My situation is as follows: I am 31 and I want a portfolio recommendation based on my circumstances. My main goal is retirement. I have a mortgage but my income covers regular expenses. I may need access to some cash before the end of five years. A previous loss made me exit the market at the worst moment. I want a portfolio that helps me avoid another emotional mistake.,A previous loss made me exit the market at the worst moment; I want a portfolio that helps me avoid another emotional mistake.,Conservative,No,Inconsistent,Moderate,Moderate,Medium,Conservative,No,2,2,0,No
ILS-184,"As a 60-year-old retail investor, I want the system to understand my situation before recommending a portfolio. I may use some of the funds to reduce debt if rates stay high. My debt is manageable, but I would not want a large loss right before a major expense. I want some flexibility in case a family expense appears within the next four years. I prefer avoiding losses even if returns are lower. I would accept lower returns if that reduces the chance of a meaningful loss.",I may use some of the funds to reduce debt if rates stay high.; I want some flexibility in case a family expense appears within the next four years; I prefer avoiding losses even if returns are lower,Conservative,No,Low,Moderate,Moderate,Low,Conservative,No,4,0,0,No
ILS-185,"My situation is as follows: I am 51 and I want a portfolio recommendation based on my circumstances. I am going through a divorce and my expenses are uncertain. I recently changed jobs and do not have much cash set aside, and I need access to cash this year for medical expenses. I do not sleep well when investments lose value. I should probably not rely only on an automated recommendation unless the case is reviewed carefully.",I am going through a divorce and my expenses are uncertain; I need access to cash this year for medical expenses; I do not sleep well when investments lose value,Human review,Yes,Low,Low,Urgent,High,Human review,Yes,4,0,0,No
ILS-186,"I am 64 and I am describing my investment situation for an automated advisory service. I want general wealth growth but do not want a very aggressive strategy. I have a secure full-time job, although I have a stable job, but my cash buffer is only moderate. I could withdraw a small portion in the medium term. I am comfortable with moderate risk if the reason is clear, so I would prefer a portfolio that balances growth and stability.",I want general wealth growth but do not want a very aggressive strategy.; I could withdraw a small portion in the medium term; I am comfortable with moderate risk if the reason is clear,Balanced,No,Moderate,Moderate,Moderate,Low,Balanced,No,4,0,0,No
ILS-187,"My situation is as follows: I am 31 and I want a portfolio recommendation based on my circumstances. I am new to investing and I do not fully understand the risks. I recently changed jobs and do not have much cash set aside, and I may need the money within six months. I would rather earn less than see big swings. I should probably not rely only on an automated recommendation unless the case is reviewed carefully.",I am new to investing and I do not fully understand the risks; I may need the money within six months; I would rather earn less than see big swings,Human review,Yes,Low,Low,Urgent,High,Human review,Yes,4,0,0,No
ILS-188,"I am 64 and would like investment advice that reflects my goals and constraints. I am investing mainly for retirement more than fifteen years away. I have stable consulting income, and I have a strong cash buffer and no major short-term debts. I can leave the funds invested for a long period. I can accept some ups and downs but not extreme losses, and I would prefer a recommendation that emphasizes long-term growth while still remaining diversified.","I am investing mainly for retirement more than fifteen years away.; I have stable consulting income, and I have a strong cash buffer and no major short-term debts; I can leave the funds invested for a long period; I can accept some ups and downs but not extreme losses",Growth,No,Moderate,High,Low,Low,Growth,No,2,0,2,Yes
ILS-189,"I am 68 and would like investment advice that reflects my goals and constraints. I want general wealth growth but do not want a very aggressive strategy. My income is predictable, although I have some family expenses, but also a modest emergency fund. I have no planned withdrawals from this account in the near future. I want growth but with a controlled level of volatility, so I would prefer a portfolio that balances growth and stability.",I want general wealth growth but do not want a very aggressive strategy.; I have no planned withdrawals from this account in the near future; I want growth but with a controlled level of volatility,Growth,No,Moderate,Moderate,Low,Low,Growth,No,3,1,0,No
ILS-190,"As a 60-year-old retail investor, I want the system to understand my situation before recommending a portfolio. My main goal is long-term wealth growth. I can save monthly, although I still have normal household commitments. I will not need this account for everyday expenses. During the last market decline I sold funds at a loss because I panicked. I would like a reasonable return, but I know I react badly to losses.","During the last market decline I sold funds at a loss because I panicked; I would like a reasonable return, but I know I react badly to losses.",Balanced,No,Low,Moderate,Low,Medium,Conservative,No,0,4,0,No
ILS-191,I am 73 and I am either retired or close to retirement. I want the account to produce reliable income and avoid a large drawdown. I have a mortgage but my income covers regular expenses. I may need this money for a business deposit in the next year or two. I prefer a balanced approach rather than the highest possible return. I prefer stability and clear explanation over maximum growth.,Reliable income and avoid a large drawdown; I may need this money for a business deposit in the next year or two; I prefer a balanced approach rather than the highest possible return,Conservative,No,Moderate,Moderate,High,Medium,Conservative,No,4,0,0,No
ILS-192,"I am 72 and I am describing my investment situation for an automated advisory service. My goal is to grow my savings quickly. I have several fixed expenses and only a small emergency reserve, and I may need to withdraw most of this account within the next nine months. I want a very high-return strategy even though I cannot afford a big setback. If the account dropped sharply, I would probably need to sell. I need advice because my desire for high return may not match my ability to absorb losses.","I have several fixed expenses and only a small emergency reserve; I may need to withdraw most of this account within the next nine months; I want a very high-return strategy even though I cannot afford a big setback; If the account dropped sharply, I would probably need to sell.",Human review,Yes,Inconsistent,Low,Urgent,High,Human review,Yes,4,0,0,No
ILS-193,"As a 31-year-old retail investor, I want the system to understand my situation before recommending a portfolio. I have two goals at the same time: medical costs soon and financial independence later. I may need this money for a business deposit in the next year or two. I have a strong cash buffer and no major short-term debts. I am comfortable with moderate risk if the reason is clear, but I am unsure whether one portfolio can serve both the short-term and long-term goals.",Medical costs soon and financial independence later; I may need this money for a business deposit in the next year or two; I have a strong cash buffer and no major short-term debts,Human review,Yes,Inconsistent,High,High,High,Human review,Yes,2,2,0,No
ILS-194,"I am 46 and would like investment advice that reflects my goals and constraints. I want general wealth growth but do not want a very aggressive strategy. My salary is stable, although I have some family expenses, but also a modest emergency fund. This money is for long-term goals and I can leave it invested through market cycles. I am comfortable with moderate risk if the reason is clear, so I would prefer a portfolio that balances growth and stability.",I want general wealth growth but do not want a very aggressive strategy.; This money is for long-term goals and I can leave it invested through market cycles; I am comfortable with moderate risk if the reason is clear,Balanced,No,Moderate,Moderate,Low,Low,Balanced,No,4,0,0,No
ILS-195,"My situation is as follows: I am 72 and I want a portfolio recommendation based on my circumstances. I have two goals at the same time: medical costs soon and financial independence later. I am considering a home down payment within the next two years. I have several fixed expenses and only a small emergency reserve. I prefer a balanced approach rather than the highest possible return, but I am unsure whether one portfolio can serve both the short-term and long-term goals.",Medical costs soon and financial independence later; I am considering a home down payment within the next two years; I have several fixed expenses and only a small emergency reserve,Human review,Yes,Inconsistent,Low,High,High,Human review,Yes,4,0,0,No
ILS-196,"I am 34 and would like investment advice that reflects my goals and constraints. My goal is to grow my savings quickly. I recently changed jobs and do not have much cash set aside, and I may need this money for a business deposit in the next year or two. I want the most aggressive portfolio available because I need high returns quickly. I am not sure I could stay invested if markets fell. I need advice because my desire for high return may not match my ability to absorb losses.",I recently changed jobs and do not have much cash set aside; I may need this money for a business deposit in the next year or two; I want the most aggressive portfolio available because I need high returns quickly; I am not sure I could stay invested if markets fell.,Human review,Yes,Inconsistent,Low,High,High,Human review,Yes,4,0,0,No
ILS-197,"As a 38-year-old retail investor, I want the system to understand my situation before recommending a portfolio. I am unsure about my debts and cash needs over the next year. I have not reviewed my monthly budget recently. I do not know whether I should be conservative or aggressive. I would like the robo-adviser to recommend something, but I realize important information may still be missing.",I am unsure about my debts and cash needs over the next year; I have not reviewed my monthly budget recently; I do not know whether I should be conservative or aggressive,Human review,Yes,Inconsistent,Low,High,High,Human review,Yes,4,0,0,No
ILS-198,"My situation is as follows: I am 31 and I want a portfolio recommendation based on my circumstances. I may use some of the funds to reduce debt if rates stay high. I can save monthly, although I still have normal household commitments. I may need a large part of the money within eighteen months. I prefer avoiding losses even if returns are lower. I would accept lower returns if that reduces the chance of a meaningful loss.",I may use some of the funds to reduce debt if rates stay high.; I may need a large part of the money within eighteen months; I prefer avoiding losses even if returns are lower,Capital preservation,No,Low,Moderate,High,Medium,Capital preservation,No,4,0,0,No
ILS-199,"I am 46 and I am describing my investment situation for an automated advisory service. I want to increase my retirement savings quickly. I have a stable job, but my cash buffer is only moderate. I have no planned withdrawals from this account in the near future. Recent headlines make me feel I should invest aggressively immediately. I am asking for a recommendation, but I may be putting too much weight on recent market excitement.","I have a stable job, but my cash buffer is only moderate; I have no planned withdrawals from this account in the near future; Recent headlines make me feel I should invest aggressively immediately",Growth,No,High,Moderate,Low,Medium,Growth,No,3,0,1,No
ILS-200,"I am 55 and would like investment advice that reflects my goals and constraints. I have two goals at the same time: medical costs soon and financial independence later. I may need a large part of the money within eighteen months. I have a strong cash buffer and no major short-term debts. I am comfortable with large short-term swings, but I am unsure whether one portfolio can serve both the short-term and long-term goals.",Medical costs soon and financial independence later; I may need a large part of the money within eighteen months; I have a strong cash buffer and no major short-term debts,Human review,Yes,Inconsistent,High,High,High,Human review,Yes,2,2,0,No
ILS-201,"My situation is as follows: I am 64 and I want a portfolio recommendation based on my circumstances. My main goal is retirement planning more than fifteen years away. My income is predictable, and I have no high-interest debt and a separate emergency fund. This money is for long-term goals and I can leave it invested through market cycles. I am willing to accept higher risk for higher expected return, and I would prefer a recommendation that emphasizes long-term growth while still remaining diversified.","My main goal is retirement planning more than fifteen years away.; My income is predictable, and I have no high-interest debt and a separate emergency fund; This money is for long-term goals and I can leave it invested through market cycles; I am willing to accept higher risk for higher expected return",Aggressive growth,No,High,High,Low,Low,Growth,No,0,3,1,No
ILS-202,I am 28 and I am describing my investment situation for an automated advisory service. I want the account to support stable income rather than large capital gains. My income is irregular and my emergency fund is small. I want to keep access to the funds because a major expense is likely soon. I would rather earn less than see big swings. I would accept lower returns if that reduces the chance of a meaningful loss.,I want the account to support stable income rather than large capital gains.; I want to keep access to the funds because a major expense is likely soon; I would rather earn less than see big swings,Capital preservation,No,Low,Low,High,Medium,Capital preservation,No,4,0,0,No
ILS-203,"As a 55-year-old retail investor, I want the system to understand my situation before recommending a portfolio. I am investing for retirement and would like steady long-term growth. My household income is steady, although my debt is manageable, but I would not want a large loss right before a major expense. I want some flexibility in case a family expense appears within the next four years. I can tolerate normal market fluctuations, so I would prefer a portfolio that balances growth and stability.",I am investing for retirement and would like steady long-term growth.; I want some flexibility in case a family expense appears within the next four years; I can tolerate normal market fluctuations,Balanced,No,Moderate,Moderate,Moderate,Low,Balanced,No,4,0,0,No
ILS-204,"I am 31 and I am describing my investment situation for an automated advisory service. I have two goals at the same time: a home down payment soon and long-term wealth growth later. I may need the money within six months. I have several fixed expenses and only a small emergency reserve. I do not panic when markets move sharply, but I am unsure whether one portfolio can serve both the short-term and long-term goals.",A home down payment soon and long-term wealth growth later; I may need the money within six months; I have several fixed expenses and only a small emergency reserve,Human review,Yes,Inconsistent,Low,Urgent,High,Human review,Yes,4,0,0,No
ILS-205,"I am 60 and I am describing my investment situation for an automated advisory service. I do not know how much of this account I might need. My income may change, but I cannot estimate by how much. I might want growth, but I also do not want unpleasant surprises. I would like the robo-adviser to recommend something, but I realize important information may still be missing.","I do not know how much of this account I might need; My income may change, but I cannot estimate by how much; I might want growth, but I also do not want unpleasant surprises",Human review,Yes,Inconsistent,Low,High,High,Human review,Yes,4,0,0,No
ILS-206,I am 70 and I am either retired or close to retirement. I want the account to produce reliable income and avoid a large drawdown. My emergency savings are already funded and this money is not needed for bills. I want some flexibility in case a family expense appears within the next four years. I become very uncomfortable when my account falls even a little. I prefer stability and clear explanation over maximum growth.,Reliable income and avoid a large drawdown; I want some flexibility in case a family expense appears within the next four years; I become very uncomfortable when my account falls even a little,Conservative,No,Low,High,Moderate,Low,Conservative,No,4,0,0,No
ILS-207,"I am 72 and I am describing my investment situation for an automated advisory service. My main goal is long-term wealth growth. I have stable income, manageable debt, and cash reserves outside this account. I have no planned withdrawals from this account in the near future. I became frightened by volatility and stopped investing for a while. I would like a reasonable return, but I know I react badly to losses.","I became frightened by volatility and stopped investing for a while; I would like a reasonable return, but I know I react badly to losses.",Balanced,No,Low,High,Low,Medium,Conservative,No,0,4,0,No
ILS-208,"My situation is as follows: I am 72 and I want a portfolio recommendation based on my circumstances. I am approaching retirement and want to protect what I have accumulated. I can save monthly, although I still have normal household commitments. I expect to use part of the funds for tuition in about two years. I become very uncomfortable when my account falls even a little. I would accept lower returns if that reduces the chance of a meaningful loss.",I am approaching retirement and want to protect what I have accumulated.; I expect to use part of the funds for tuition in about two years; I become very uncomfortable when my account falls even a little,Capital preservation,No,Low,Moderate,High,Medium,Capital preservation,No,4,0,0,No
ILS-209,"My situation is as follows: I am 38 and I want a portfolio recommendation based on my circumstances. My main goal is retirement. My emergency savings are already funded and this money is not needed for bills. I can leave the funds invested for a long period. During the last market decline I sold funds at a loss because I panicked. I say I want growth, but my past behavior makes me uncertain.","During the last market decline I sold funds at a loss because I panicked; I say I want growth, but my past behavior makes me uncertain.",Balanced,No,Inconsistent,High,Low,Medium,Conservative,No,0,4,0,No
ILS-210,I am 58 and I am either retired or close to retirement. I want the account to produce reliable income and avoid a large drawdown. My emergency savings are already funded and this money is not needed for bills. I may use part of the money in three to five years. I can tolerate normal market fluctuations. I prefer stability and clear explanation over maximum growth.,Reliable income and avoid a large drawdown; I may use part of the money in three to five years; I can tolerate normal market fluctuations,Balanced,No,Moderate,High,Moderate,Low,Balanced,No,4,0,0,No
ILS-211,"As a 60-year-old retail investor, I want the system to understand my situation before recommending a portfolio. I cannot estimate my future income yet. I have not reviewed my monthly budget recently. I am unsure how much volatility I could accept. I would like the robo-adviser to recommend something, but I realize important information may still be missing.",I cannot estimate my future income yet; I have not reviewed my monthly budget recently; I am unsure how much volatility I could accept,Human review,Yes,Inconsistent,Low,High,High,Human review,Yes,4,0,0,No
ILS-212,"I am 28 and would like investment advice that reflects my goals and constraints. The main goal is covering possible healthcare costs. I may need to withdraw most of this account within the next nine months. I have several fixed expenses and only a small emergency reserve. I am comfortable with moderate risk if the reason is clear. I still want the money to earn something, but I cannot risk losing funds that may be needed soon.",The main goal is covering possible healthcare costs.; I may need to withdraw most of this account within the next nine months; I have several fixed expenses and only a small emergency reserve,Human review,Yes,Moderate,Low,Urgent,High,Human review,Yes,4,0,0,No
ILS-213,I am 28 and I am describing my investment situation for an automated advisory service. I may use some of the funds to reduce debt if rates stay high. I have a mortgage but my income covers regular expenses. I might need a portion of the funds for a home improvement project in a few years. I get anxious during market declines. I would accept lower returns if that reduces the chance of a meaningful loss.,I may use some of the funds to reduce debt if rates stay high.; I might need a portion of the funds for a home improvement project in a few years; I get anxious during market declines,Capital preservation,No,Low,Moderate,Moderate,Medium,Capital preservation,No,4,0,0,No
ILS-214,"I am 72 and I am describing my investment situation for an automated advisory service. I am dealing with a medical issue that could create large bills. My household depends mostly on one unstable income, and I need access to cash this year for medical expenses. I do not really understand the difference between stocks and bonds. I should probably not rely only on an automated recommendation unless the case is reviewed carefully.",I am dealing with a medical issue that could create large bills; I need access to cash this year for medical expenses; I do not really understand the difference between stocks and bonds,Human review,Yes,Low,Low,Urgent,High,Human review,Yes,4,0,0,No
ILS-215,I am 70 and I am either retired or close to retirement. I want the account to produce reliable income and avoid a large drawdown. I have no high-interest debt and a separate emergency fund. I may need this money for a business deposit in the next year or two. I prefer a balanced approach rather than the highest possible return. I prefer stability and clear explanation over maximum growth.,Reliable income and avoid a large drawdown; I may need this money for a business deposit in the next year or two; I prefer a balanced approach rather than the highest possible return,Conservative,No,Moderate,High,High,Low,Conservative,No,4,0,0,No
ILS-216,I am 61 and I am either retired or close to retirement. I want the account to produce reliable income and avoid a large drawdown. I have no high-interest debt and a separate emergency fund. I want some flexibility in case a family expense appears within the next four years. I am comfortable with moderate risk if the reason is clear. I prefer stability and clear explanation over maximum growth.,Reliable income and avoid a large drawdown; I want some flexibility in case a family expense appears within the next four years; I am comfortable with moderate risk if the reason is clear,Balanced,No,Moderate,High,Moderate,Low,Balanced,No,4,0,0,No
ILS-217,My situation is as follows: I am 34 and I want a portfolio recommendation based on my circumstances. I want the account to support stable income rather than large capital gains. I have several fixed expenses and only a small emergency reserve. I am considering a home down payment within the next two years. I become very uncomfortable when my account falls even a little. I would accept lower returns if that reduces the chance of a meaningful loss.,I want the account to support stable income rather than large capital gains.; I am considering a home down payment within the next two years; I become very uncomfortable when my account falls even a little,Capital preservation,No,Low,Low,High,Medium,Capital preservation,No,4,0,0,No
ILS-218,"I am 64 and would like investment advice that reflects my goals and constraints. I am trying to grow funds for a future home purchase. My household depends mostly on one unstable income, and I may need to withdraw most of this account within the next nine months. I want a very high-return strategy even though I cannot afford a big setback. At the same time, I cannot tolerate losing much of this money. I need advice because my desire for high return may not match my ability to absorb losses.","My household depends mostly on one unstable income; I may need to withdraw most of this account within the next nine months; I want a very high-return strategy even though I cannot afford a big setback; At the same time, I cannot tolerate losing much of this money.",Human review,Yes,Inconsistent,Low,Urgent,High,Human review,Yes,4,0,0,No
ILS-219,"I am 64 and would like investment advice that reflects my goals and constraints. I want this account to grow over the long run. My salary is stable, and I have no high-interest debt and a separate emergency fund. I do not expect to withdraw this money for at least ten years. I can accept some ups and downs but not extreme losses, and I would prefer a recommendation that emphasizes long-term growth while still remaining diversified.","I want this account to grow over the long run.; My salary is stable, and I have no high-interest debt and a separate emergency fund; I do not expect to withdraw this money for at least ten years; I can accept some ups and downs but not extreme losses",Growth,No,Moderate,High,Low,Low,Growth,No,3,0,1,No
ILS-220,"I am 34 and I am describing my investment situation for an automated advisory service. My main goal is retirement planning more than fifteen years away. My household income is steady, and my emergency savings are already funded and this money is not needed for bills. I have no planned withdrawals from this account in the near future. I do not panic when markets move sharply, and I would prefer a recommendation that emphasizes long-term growth while still remaining diversified.","My main goal is retirement planning more than fifteen years away.; My household income is steady, and my emergency savings are already funded and this money is not needed for bills; I have no planned withdrawals from this account in the near future; I do not panic when markets move sharply",Aggressive growth,No,High,High,Low,Low,Aggressive growth,No,3,0,1,No
ILS-221,"I am 42 and would like investment advice that reflects my goals and constraints. This account is for retirement rather than short-term spending. I have a secure full-time job, and I have stable income, manageable debt, and cash reserves outside this account. I have no planned withdrawals from this account in the near future. I do not panic when markets move sharply, and I would prefer a recommendation that emphasizes long-term growth while still remaining diversified.","This account is for retirement rather than short-term spending.; I have a secure full-time job, and I have stable income, manageable debt, and cash reserves outside this account; I have no planned withdrawals from this account in the near future; I do not panic when markets move sharply",Aggressive growth,No,High,High,Low,Low,Aggressive growth,No,3,0,1,No
ILS-222,"My situation is as follows: I am 55 and I want a portfolio recommendation based on my circumstances. My goal is to grow my savings quickly. I recently changed jobs and do not have much cash set aside, and I may need to withdraw most of this account within the next nine months. I would like to take a lot of risk so the account can grow fast. A major loss would create serious stress for my household. I need advice because my desire for high return may not match my ability to absorb losses.",I recently changed jobs and do not have much cash set aside; I may need to withdraw most of this account within the next nine months; I would like to take a lot of risk so the account can grow fast; A major loss would create serious stress for my household.,Human review,Yes,Inconsistent,Low,Urgent,High,Human review,Yes,4,0,0,No
ILS-223,"I am 64 and would like investment advice that reflects my goals and constraints. My main goal is long-term wealth growth. I have a stable job, but my cash buffer is only moderate. I could withdraw a small portion in the medium term. I usually say I can take risk, but I sold quickly during the last downturn. I would like a reasonable return, but I know I react badly to losses.","I usually say I can take risk, but I sold quickly during the last downturn; I would like a reasonable return, but I know I react badly to losses.",Conservative,No,Low,Moderate,Moderate,Medium,Conservative,No,4,0,0,No
ILS-224,"I am 72 and would like investment advice that reflects my goals and constraints. I want general wealth growth but do not want a very aggressive strategy. My income is predictable, although my debt is manageable, but I would not want a large loss right before a major expense. This money is for long-term goals and I can leave it invested through market cycles. I can accept some ups and downs but not extreme losses, so I would prefer a portfolio that balances growth and stability.",I want general wealth growth but do not want a very aggressive strategy.; This money is for long-term goals and I can leave it invested through market cycles; I can accept some ups and downs but not extreme losses,Balanced,No,Moderate,Moderate,Low,Low,Balanced,No,4,0,0,No
ILS-225,"I am 46 and I am describing my investment situation for an automated advisory service. I am dealing with a medical issue that could create large bills. I still carry high-interest debt and have limited savings, and this money may be needed for rent and family expenses very soon. I would rather earn less than see big swings. I should probably not rely only on an automated recommendation unless the case is reviewed carefully.",I am dealing with a medical issue that could create large bills; This money may be needed for rent and family expenses very soon; I would rather earn less than see big swings,Human review,Yes,Low,Low,Urgent,High,Human review,Yes,4,0,0,No
ILS-226,"As a 55-year-old retail investor, I want the system to understand my situation before recommending a portfolio. The main goal is a business deposit. I expect to use part of the funds for tuition in about two years. I have a stable job, but my cash buffer is only moderate. I would rather earn less than see big swings. I still want the money to earn something, but I cannot risk losing funds that may be needed soon.","The main goal is a business deposit.; I expect to use part of the funds for tuition in about two years; I have a stable job, but my cash buffer is only moderate",Capital preservation,No,Low,Moderate,High,Medium,Capital preservation,No,4,0,0,No
ILS-227,"I am 60 and I am describing my investment situation for an automated advisory service. My main goal is long-term wealth accumulation. My income is predictable, and I have stable income, manageable debt, and cash reserves outside this account. I do not expect to withdraw this money for at least ten years. I do not panic when markets move sharply, and I would prefer a recommendation that emphasizes long-term growth while still remaining diversified.","My main goal is long-term wealth accumulation.; My income is predictable, and I have stable income, manageable debt, and cash reserves outside this account; I do not expect to withdraw this money for at least ten years; I do not panic when markets move sharply",Aggressive growth,No,High,High,Low,Low,Aggressive growth,No,3,0,1,No
ILS-228,"My situation is as follows: I am 28 and I want a portfolio recommendation based on my circumstances. My main goal is retirement. I have some family expenses, but also a modest emergency fund. I will not need this account for everyday expenses. When markets fell, I moved everything to cash and later regretted it. I would like a reasonable return, but I know I react badly to losses.","When markets fell, I moved everything to cash and later regretted it; I would like a reasonable return, but I know I react badly to losses.",Balanced,No,Low,Moderate,Low,Medium,Conservative,No,0,4,0,No
ILS-229,"As a 38-year-old retail investor, I want the system to understand my situation before recommending a portfolio. My retirement savings are behind schedule. I have several fixed expenses and only a small emergency reserve, and I expect to use part of the funds for tuition in about two years. I would like to take a lot of risk so the account can grow fast. At the same time, I cannot tolerate losing much of this money. I need advice because my desire for high return may not match my ability to absorb losses.","I have several fixed expenses and only a small emergency reserve; I expect to use part of the funds for tuition in about two years; I would like to take a lot of risk so the account can grow fast; At the same time, I cannot tolerate losing much of this money.",Human review,Yes,Inconsistent,Low,High,High,Human review,Yes,4,0,0,No
ILS-230,"I am 68 and I am describing my investment situation for an automated advisory service. I want general wealth growth but do not want a very aggressive strategy. My salary is stable, although my debt is manageable, but I would not want a large loss right before a major expense. I want some flexibility in case a family expense appears within the next four years. I can accept some ups and downs but not extreme losses, so I would prefer a portfolio that balances growth and stability.",I want general wealth growth but do not want a very aggressive strategy.; I want some flexibility in case a family expense appears within the next four years; I can accept some ups and downs but not extreme losses,Growth,No,Moderate,Moderate,Moderate,Low,Balanced,No,0,4,0,No
ILS-231,"My situation is as follows: I am 55 and I want a portfolio recommendation based on my circumstances. I want to build wealth faster than I have so far. My emergency savings are already funded and this money is not needed for bills. I can leave the funds invested for a long period. Recent headlines make me feel I should invest aggressively immediately. I am asking for a recommendation, but I may be putting too much weight on recent market excitement.",My emergency savings are already funded and this money is not needed for bills; I can leave the funds invested for a long period; Recent headlines make me feel I should invest aggressively immediately,Growth,No,High,High,Low,Medium,Growth,No,3,0,1,No
ILS-232,My situation is as follows: I am 72 and I want a portfolio recommendation based on my circumstances. I am approaching retirement and want to protect what I have accumulated. My household depends mostly on one unstable income. I may need this money for a business deposit in the next year or two. I prefer avoiding losses even if returns are lower. I would accept lower returns if that reduces the chance of a meaningful loss.,I am approaching retirement and want to protect what I have accumulated.; I may need this money for a business deposit in the next year or two; I prefer avoiding losses even if returns are lower,Capital preservation,No,Low,Low,High,Medium,Capital preservation,No,4,0,0,No
ILS-233,"As a 38-year-old retail investor, I want the system to understand my situation before recommending a portfolio. I have two goals at the same time: tuition soon and retirement later. I may need the money within six months. I have some family expenses, but also a modest emergency fund. I prefer a balanced approach rather than the highest possible return, but I am unsure whether one portfolio can serve both the short-term and long-term goals.","Tuition soon and retirement later; I may need the money within six months; I have some family expenses, but also a modest emergency fund",Human review,Yes,Inconsistent,Moderate,Urgent,High,Human review,Yes,4,0,0,No
ILS-234,"My situation is as follows: I am 46 and I want a portfolio recommendation based on my circumstances. The main goal is a business deposit. I may need to withdraw most of this account within the next nine months. I have some family expenses, but also a modest emergency fund. I want growth but with a controlled level of volatility. I still want the money to earn something, but I cannot risk losing funds that may be needed soon.","The main goal is a business deposit.; I may need to withdraw most of this account within the next nine months; I have some family expenses, but also a modest emergency fund",Human review,Yes,Moderate,Moderate,Urgent,High,Human review,Yes,4,0,0,No
ILS-235,"I am 38 and would like investment advice that reflects my goals and constraints. I have two goals at the same time: tuition soon and future family security later. I want to keep access to the funds because a major expense is likely soon. I have several fixed expenses and only a small emergency reserve. I am comfortable with large short-term swings, but I am unsure whether one portfolio can serve both the short-term and long-term goals.",Tuition soon and future family security later; I want to keep access to the funds because a major expense is likely soon; I have several fixed expenses and only a small emergency reserve,Human review,Yes,Inconsistent,Low,High,High,Human review,Yes,4,0,0,No
ILS-236,"I am 34 and I am describing my investment situation for an automated advisory service. My main goal is saving for education expenses. I can save monthly, although I still have normal household commitments. This money is for long-term goals and I can leave it invested through market cycles. I usually say I can take risk, but I sold quickly during the last downturn. I say I want growth, but my past behavior makes me uncertain.","I usually say I can take risk, but I sold quickly during the last downturn; I say I want growth, but my past behavior makes me uncertain.",Balanced,No,Inconsistent,Moderate,Low,Medium,Conservative,No,0,4,0,No
ILS-237,"I am 55 and would like investment advice that reflects my goals and constraints. My main goal is saving for education expenses. I have a strong cash buffer and no major short-term debts. This money is for long-term goals and I can leave it invested through market cycles. During the last market decline I sold funds at a loss because I panicked. I say I want growth, but my past behavior makes me uncertain.","During the last market decline I sold funds at a loss because I panicked; I say I want growth, but my past behavior makes me uncertain.",Balanced,No,Inconsistent,High,Low,Medium,Conservative,No,0,4,0,No
ILS-238,"I am 68 and I am describing my investment situation for an automated advisory service. I have two goals at the same time: medical costs soon and retirement later. I expect to use part of the funds for tuition in about two years. I still carry high-interest debt and have limited savings. I am comfortable with large short-term swings, but I am unsure whether one portfolio can serve both the short-term and long-term goals.",Medical costs soon and retirement later; I expect to use part of the funds for tuition in about two years; I still carry high-interest debt and have limited savings,Human review,Yes,Inconsistent,Low,High,High,Human review,Yes,4,0,0,No
ILS-239,I am 28 and would like investment advice that reflects my goals and constraints. My main goal is saving for education expenses. I have a strong cash buffer and no major short-term debts. I want some flexibility in case a family expense appears within the next four years. A previous loss made me exit the market at the worst moment. I want a portfolio that helps me avoid another emotional mistake.,A previous loss made me exit the market at the worst moment; I want a portfolio that helps me avoid another emotional mistake.,Balanced,No,Inconsistent,High,Moderate,Medium,Conservative,No,0,4,0,No
ILS-240,"I am 28 and I am describing my investment situation for an automated advisory service. I want general wealth growth but do not want a very aggressive strategy. I have stable consulting income, although I can save monthly, although I still have normal household commitments. I might need a portion of the funds for a home improvement project in a few years. I prefer a balanced approach rather than the highest possible return, so I would prefer a portfolio that balances growth and stability.",I want general wealth growth but do not want a very aggressive strategy.; I might need a portion of the funds for a home improvement project in a few years; I prefer a balanced approach rather than the highest possible return,Balanced,No,Moderate,Moderate,Moderate,Low,Balanced,No,4,0,0,No
ILS-241,"My situation is as follows: I am 64 and I want a portfolio recommendation based on my circumstances. I have two goals at the same time: medical costs soon and retirement later. I need access to cash this year for medical expenses. I recently changed jobs and do not have much cash set aside. I am willing to accept higher risk for higher expected return, but I am unsure whether one portfolio can serve both the short-term and long-term goals.",Medical costs soon and retirement later; I need access to cash this year for medical expenses; I recently changed jobs and do not have much cash set aside,Human review,Yes,Inconsistent,Low,Urgent,High,Human review,Yes,4,0,0,No
ILS-242,"My situation is as follows: I am 68 and I want a portfolio recommendation based on my circumstances. I want to build wealth faster than I have so far. My household depends mostly on one unstable income. I could withdraw a small portion in the medium term. I want to catch up quickly because everyone around me seems to be making money. I am asking for a recommendation, but I may be putting too much weight on recent market excitement.",My household depends mostly on one unstable income; I could withdraw a small portion in the medium term; I want to catch up quickly because everyone around me seems to be making money,Human review,Yes,High,Low,Moderate,High,Human review,Yes,4,0,0,No
ILS-243,"As a 46-year-old retail investor, I want the system to understand my situation before recommending a portfolio. I am building an education fund and want the money to grow without excessive risk. My household income is steady, although I can save monthly, although I still have normal household commitments. I could withdraw a small portion in the medium term. I can accept some ups and downs but not extreme losses, so I would prefer a portfolio that balances growth and stability.",I am building an education fund and want the money to grow without excessive risk.; I could withdraw a small portion in the medium term; I can accept some ups and downs but not extreme losses,Balanced,No,Moderate,Moderate,Moderate,Low,Balanced,No,4,0,0,No
ILS-244,"I am 46 and would like investment advice that reflects my goals and constraints. I want to increase my retirement savings quickly. I still carry high-interest debt and have limited savings. I expect to use part of the funds for tuition in about two years. I want to catch up quickly because everyone around me seems to be making money. I am asking for a recommendation, but I may be putting too much weight on recent market excitement.",I still carry high-interest debt and have limited savings; I expect to use part of the funds for tuition in about two years; I want to catch up quickly because everyone around me seems to be making money,Human review,Yes,High,Low,High,High,Human review,Yes,4,0,0,No
ILS-245,"My situation is as follows: I am 55 and I want a portfolio recommendation based on my circumstances. This account partly supports my emergency reserve. I have some family expenses, but also a modest emergency fund. I may need access to some cash before the end of five years. I become very uncomfortable when my account falls even a little. I would accept lower returns if that reduces the chance of a meaningful loss.",This account partly supports my emergency reserve.; I may need access to some cash before the end of five years; I become very uncomfortable when my account falls even a little,Conservative,No,Low,Moderate,Moderate,Low,Conservative,No,4,0,0,No
ILS-246,"My situation is as follows: I am 42 and I want a portfolio recommendation based on my circumstances. I am approaching retirement and want to protect what I have accumulated. I have some family expenses, but also a modest emergency fund. I may use part of the money in three to five years. I become very uncomfortable when my account falls even a little. I would accept lower returns if that reduces the chance of a meaningful loss.",I am approaching retirement and want to protect what I have accumulated.; I may use part of the money in three to five years; I become very uncomfortable when my account falls even a little,Capital preservation,No,Low,Moderate,Moderate,Medium,Capital preservation,No,4,0,0,No
ILS-247,"As a 68-year-old retail investor, I want the system to understand my situation before recommending a portfolio. I want general wealth growth but do not want a very aggressive strategy. My salary is stable, although I can save monthly, although I still have normal household commitments. I might need a portion of the funds for a home improvement project in a few years. I can accept some ups and downs but not extreme losses, so I would prefer a portfolio that balances growth and stability.",I want general wealth growth but do not want a very aggressive strategy.; I might need a portion of the funds for a home improvement project in a few years; I can accept some ups and downs but not extreme losses,Growth,No,Moderate,Moderate,Moderate,Low,Balanced,No,2,2,0,No
ILS-248,"I am 31 and would like investment advice that reflects my goals and constraints. My main goal is retirement planning more than fifteen years away. My salary is stable, and I have a strong cash buffer and no major short-term debts. I have no planned withdrawals from this account in the near future. I am comfortable with large short-term swings, and I would prefer a recommendation that emphasizes long-term growth while still remaining diversified.","My main goal is retirement planning more than fifteen years away.; My salary is stable, and I have a strong cash buffer and no major short-term debts; I have no planned withdrawals from this account in the near future; I am comfortable with large short-term swings",Aggressive growth,No,High,High,Low,Low,Aggressive growth,No,3,0,1,No
ILS-249,"As a 34-year-old retail investor, I want the system to understand my situation before recommending a portfolio. I am building an education fund and want the money to grow without excessive risk. I have stable consulting income, although I have a stable job, but my cash buffer is only moderate. I can leave the funds invested for a long period. I am comfortable with moderate risk if the reason is clear, so I would prefer a portfolio that balances growth and stability.",I am building an education fund and want the money to grow without excessive risk.; I can leave the funds invested for a long period; I am comfortable with moderate risk if the reason is clear,Balanced,No,Moderate,Moderate,Low,Low,Balanced,No,4,0,0,No
ILS-250,I am 61 and I am either retired or close to retirement. I want the account to produce reliable income and avoid a large drawdown. This investment account is separate from my living expenses. I might need a portion of the funds for a home improvement project in a few years. I am comfortable with moderate risk if the reason is clear. I prefer stability and clear explanation over maximum growth.,Reliable income and avoid a large drawdown; I might need a portion of the funds for a home improvement project in a few years; I am comfortable with moderate risk if the reason is clear,Balanced,No,Moderate,High,Moderate,Low,Balanced,No,4,0,0,No
ILS-251,"As a 64-year-old retail investor, I want the system to understand my situation before recommending a portfolio. The account is intended for long-term financial independence. I have a secure full-time job, and I have no high-interest debt and a separate emergency fund. I have no planned withdrawals from this account in the near future. I prefer a balanced approach rather than the highest possible return, and I would prefer a recommendation that emphasizes long-term growth while still remaining diversified.","The account is intended for long-term financial independence.; I have a secure full-time job, and I have no high-interest debt and a separate emergency fund; I have no planned withdrawals from this account in the near future; I prefer a balanced approach rather than the highest possible return",Growth,No,Moderate,High,Low,Low,Growth,No,3,0,1,No
ILS-252,"As a 72-year-old retail investor, I want the system to understand my situation before recommending a portfolio. I may also use the money to reduce debt. I recently changed jobs and do not have much cash set aside, and I may need to withdraw most of this account within the next nine months. I would like to take a lot of risk so the account can grow fast. A major loss would create serious stress for my household. I need advice because my desire for high return may not match my ability to absorb losses.",I recently changed jobs and do not have much cash set aside; I may need to withdraw most of this account within the next nine months; I would like to take a lot of risk so the account can grow fast; A major loss would create serious stress for my household.,Human review,Yes,Inconsistent,Low,Urgent,High,Human review,Yes,4,0,0,No
ILS-253,"I am 55 and would like investment advice that reflects my goals and constraints. I hope to grow capital that could later support a business idea. I can save monthly, although I still have normal household commitments. I may need a large part of the money within eighteen months. I do not want to be left behind if the market keeps rising. I am asking for a recommendation, but I may be putting too much weight on recent market excitement.","I can save monthly, although I still have normal household commitments; I may need a large part of the money within eighteen months; I do not want to be left behind if the market keeps rising",Human review,Yes,High,Moderate,High,High,Human review,Yes,4,0,0,No
ILS-254,"My situation is as follows: I am 31 and I want a portfolio recommendation based on my circumstances. I want to build wealth faster than I have so far. I have a strong cash buffer and no major short-term debts. I may need this money for a business deposit in the next year or two. I want the portfolio to chase the sectors that are hot this month. I am asking for a recommendation, but I may be putting too much weight on recent market excitement.",I have a strong cash buffer and no major short-term debts; I may need this money for a business deposit in the next year or two; I want the portfolio to chase the sectors that are hot this month,Growth,No,High,High,High,High,Human review,Yes,0,4,0,No
ILS-255,"I am 64 and I am describing my investment situation for an automated advisory service. The main goal is a business deposit. I may need to withdraw most of this account within the next nine months. I have a mortgage but my income covers regular expenses. I prefer avoiding losses even if returns are lower. I still want the money to earn something, but I cannot risk losing funds that may be needed soon.",The main goal is a business deposit.; I may need to withdraw most of this account within the next nine months; I have a mortgage but my income covers regular expenses,Human review,Yes,Low,Moderate,Urgent,High,Human review,Yes,4,0,0,No
ILS-256,I am 60 and would like investment advice that reflects my goals and constraints. I want the account to support stable income rather than large capital gains. My income is irregular and my emergency fund is small. I want some flexibility in case a family expense appears within the next four years. I do not sleep well when investments lose value. I would accept lower returns if that reduces the chance of a meaningful loss.,I want the account to support stable income rather than large capital gains.; I want some flexibility in case a family expense appears within the next four years; I do not sleep well when investments lose value,Capital preservation,No,Low,Low,Moderate,Medium,Capital preservation,No,4,0,0,No
ILS-257,"My situation is as follows: I am 38 and I want a portfolio recommendation based on my circumstances. I do not know how much of this account I might need. I have not checked whether my emergency fund is enough. I do not know whether I should be conservative or aggressive. I would like the robo-adviser to recommend something, but I realize important information may still be missing.",I do not know how much of this account I might need; I have not checked whether my emergency fund is enough; I do not know whether I should be conservative or aggressive,Human review,Yes,Inconsistent,Low,High,High,Human review,Yes,4,0,0,No
ILS-258,"I am 46 and would like investment advice that reflects my goals and constraints. I am investing for retirement and would like steady long-term growth. My income is predictable, although I can save monthly, although I still have normal household commitments. I can leave the funds invested for a long period. I prefer a balanced approach rather than the highest possible return, so I would prefer a portfolio that balances growth and stability.",I am investing for retirement and would like steady long-term growth.; I can leave the funds invested for a long period; I prefer a balanced approach rather than the highest possible return,Growth,No,Moderate,Moderate,Low,Low,Growth,No,3,0,1,No
ILS-259,"As a 46-year-old retail investor, I want the system to understand my situation before recommending a portfolio. The main goal is education funding. I need access to cash this year for medical expenses. I recently changed jobs and do not have much cash set aside. I prefer a balanced approach rather than the highest possible return. I still want the money to earn something, but I cannot risk losing funds that may be needed soon.",The main goal is education funding.; I need access to cash this year for medical expenses; I recently changed jobs and do not have much cash set aside,Human review,Yes,Moderate,Low,Urgent,High,Human review,Yes,4,0,0,No
ILS-260,"My situation is as follows: I am 51 and I want a portfolio recommendation based on my circumstances. I want general wealth growth but do not want a very aggressive strategy. My salary is stable, although I can save monthly, although I still have normal household commitments. I might need a portion of the funds for a home improvement project in a few years. I can accept some ups and downs but not extreme losses, so I would prefer a portfolio that balances growth and stability.",I want general wealth growth but do not want a very aggressive strategy.; I might need a portion of the funds for a home improvement project in a few years; I can accept some ups and downs but not extreme losses,Growth,No,Moderate,Moderate,Moderate,Low,Growth,No,3,1,0,No
ILS-261,"My situation is as follows: I am 60 and I want a portfolio recommendation based on my circumstances. My main goal is long-term wealth growth. I have a mortgage but my income covers regular expenses. I may use part of the money in three to five years. When markets fell, I moved everything to cash and later regretted it. I would like a reasonable return, but I know I react badly to losses.","When markets fell, I moved everything to cash and later regretted it; I would like a reasonable return, but I know I react badly to losses.",Conservative,No,Low,Moderate,Moderate,Medium,Conservative,No,4,0,0,No
ILS-262,"I am 46 and would like investment advice that reflects my goals and constraints. The main goal is a business deposit. I expect to use part of the funds for tuition in about two years. My debt is manageable, but I would not want a large loss right before a major expense. I want growth but with a controlled level of volatility. I still want the money to earn something, but I cannot risk losing funds that may be needed soon.","The main goal is a business deposit.; I expect to use part of the funds for tuition in about two years; My debt is manageable, but I would not want a large loss right before a major expense",Capital preservation,No,Moderate,Moderate,High,Medium,Capital preservation,No,4,0,0,No
ILS-263,"I am 38 and I am describing my investment situation for an automated advisory service. I am investing mainly for retirement more than fifteen years away. I have a secure full-time job, and I have no high-interest debt and a separate emergency fund. I do not expect to withdraw this money for at least ten years. I do not panic when markets move sharply, and I would prefer a recommendation that emphasizes long-term growth while still remaining diversified.","I am investing mainly for retirement more than fifteen years away.; I have a secure full-time job, and I have no high-interest debt and a separate emergency fund; I do not expect to withdraw this money for at least ten years; I do not panic when markets move sharply",Aggressive growth,No,High,High,Low,Low,Aggressive growth,No,3,0,1,No
ILS-264,"I am 38 and would like investment advice that reflects my goals and constraints. My main goal is saving for education expenses. I have stable income, manageable debt, and cash reserves outside this account. This money is for long-term goals and I can leave it invested through market cycles. I became frightened by volatility and stopped investing for a while. I want a portfolio that helps me avoid another emotional mistake.",I became frightened by volatility and stopped investing for a while; I want a portfolio that helps me avoid another emotional mistake.,Balanced,No,Inconsistent,High,Low,Medium,Balanced,No,1,3,0,Yes
ILS-265,"I am 55 and I am describing my investment situation for an automated advisory service. I hope to grow capital that could later support a business idea. I have several fixed expenses and only a small emergency reserve. I am considering a home down payment within the next two years. I believe I can beat the market by moving in and out quickly. I am asking for a recommendation, but I may be putting too much weight on recent market excitement.",I have several fixed expenses and only a small emergency reserve; I am considering a home down payment within the next two years; I believe I can beat the market by moving in and out quickly,Human review,Yes,High,Low,High,High,Human review,Yes,4,0,0,No
ILS-266,"I am 60 and I am describing my investment situation for an automated advisory service. I am saving for retirement and do not expect withdrawals for many years. My salary is stable, and I have a strong cash buffer and no major short-term debts. I will not need this account for everyday expenses. I am comfortable with large short-term swings, and I would prefer a recommendation that emphasizes long-term growth while still remaining diversified.","I am saving for retirement and do not expect withdrawals for many years.; My salary is stable, and I have a strong cash buffer and no major short-term debts; I will not need this account for everyday expenses; I am comfortable with large short-term swings",Aggressive growth,No,High,High,Low,Low,Aggressive growth,No,3,0,1,No
ILS-267,"I am 72 and would like investment advice that reflects my goals and constraints. I want to build wealth faster than I have so far. I have a strong cash buffer and no major short-term debts. I may need a large part of the money within eighteen months. I follow market influencers and feel confident about timing the next rally. I am asking for a recommendation, but I may be putting too much weight on recent market excitement.",I have a strong cash buffer and no major short-term debts; I may need a large part of the money within eighteen months; I follow market influencers and feel confident about timing the next rally,Growth,No,High,High,High,High,Human review,Yes,0,4,0,No
ILS-268,I am 51 and I am describing my investment situation for an automated advisory service. My main goal is retirement. I have no high-interest debt and a separate emergency fund. I do not expect to withdraw this money for at least ten years. During the last market decline I sold funds at a loss because I panicked. I want a portfolio that helps me avoid another emotional mistake.,During the last market decline I sold funds at a loss because I panicked; I want a portfolio that helps me avoid another emotional mistake.,Balanced,No,Inconsistent,High,Low,Medium,Conservative,No,1,3,0,No
ILS-269,"I am 55 and would like investment advice that reflects my goals and constraints. I have two goals at the same time: medical costs soon and long-term wealth growth later. I may need this money for a business deposit in the next year or two. I have some family expenses, but also a modest emergency fund. I am comfortable with moderate risk if the reason is clear, but I am unsure whether one portfolio can serve both the short-term and long-term goals.","Medical costs soon and long-term wealth growth later; I may need this money for a business deposit in the next year or two; I have some family expenses, but also a modest emergency fund",Human review,Yes,Inconsistent,Moderate,High,High,Human review,Yes,4,0,0,No
ILS-270,"I am 28 and I am describing my investment situation for an automated advisory service. My main goal is saving for education expenses. I have stable income, manageable debt, and cash reserves outside this account. I could withdraw a small portion in the medium term. When markets fell, I moved everything to cash and later regretted it. I say I want growth, but my past behavior makes me uncertain.","When markets fell, I moved everything to cash and later regretted it; I say I want growth, but my past behavior makes me uncertain.",Balanced,No,Inconsistent,High,Moderate,Medium,Conservative,No,0,4,0,No
ILS-271,"I am 60 and I am describing my investment situation for an automated advisory service. The main goal is a home down payment. I may need a large part of the money within eighteen months. My debt is manageable, but I would not want a large loss right before a major expense. I prefer avoiding losses even if returns are lower. I still want the money to earn something, but I cannot risk losing funds that may be needed soon.","The main goal is a home down payment.; I may need a large part of the money within eighteen months; My debt is manageable, but I would not want a large loss right before a major expense",Capital preservation,No,Low,Moderate,High,Medium,Capital preservation,No,4,0,0,No
ILS-272,"As a 64-year-old retail investor, I want the system to understand my situation before recommending a portfolio. I am saving toward a home purchase but the exact timing is still a few years away. My income is predictable, although my debt is manageable, but I would not want a large loss right before a major expense. I could withdraw a small portion in the medium term. I prefer a balanced approach rather than the highest possible return, so I would prefer a portfolio that balances growth and stability.",I am saving toward a home purchase but the exact timing is still a few years away.; I could withdraw a small portion in the medium term; I prefer a balanced approach rather than the highest possible return,Balanced,No,Moderate,Moderate,Moderate,Low,Balanced,No,4,0,0,No
ILS-273,"I am 31 and would like investment advice that reflects my goals and constraints. I am saving for retirement and do not expect withdrawals for many years. I have a secure full-time job, and my emergency savings are already funded and this money is not needed for bills. I will not need this account for everyday expenses. I can tolerate normal market fluctuations, and I would prefer a recommendation that emphasizes long-term growth while still remaining diversified.","I am saving for retirement and do not expect withdrawals for many years.; I have a secure full-time job, and my emergency savings are already funded and this money is not needed for bills; I will not need this account for everyday expenses; I can tolerate normal market fluctuations",Growth,No,Moderate,High,Low,Low,Growth,No,3,0,1,No
ILS-274,"I am 64 and would like investment advice that reflects my goals and constraints. I want to build wealth faster than I have so far. My household depends mostly on one unstable income. I might need a portion of the funds for a home improvement project in a few years. I think recent gains prove I should take more risk now. I am asking for a recommendation, but I may be putting too much weight on recent market excitement.",My household depends mostly on one unstable income; I might need a portion of the funds for a home improvement project in a few years; I think recent gains prove I should take more risk now,Human review,Yes,High,Low,Moderate,High,Human review,Yes,4,0,0,No
ILS-275,"I am 55 and I am describing my investment situation for an automated advisory service. My main goal is saving for education expenses. My emergency savings are already funded and this money is not needed for bills. I may use part of the money in three to five years. When markets fell, I moved everything to cash and later regretted it. I want a portfolio that helps me avoid another emotional mistake.","When markets fell, I moved everything to cash and later regretted it; I want a portfolio that helps me avoid another emotional mistake.",Balanced,No,Inconsistent,High,Moderate,Medium,Balanced,No,1,3,0,Yes
ILS-276,"I am 55 and I am describing my investment situation for an automated advisory service. My retirement savings are behind schedule. I recently changed jobs and do not have much cash set aside, and I expect to use part of the funds for tuition in about two years. I want a very high-return strategy even though I cannot afford a big setback. If the account dropped sharply, I would probably need to sell. I need advice because my desire for high return may not match my ability to absorb losses.","I recently changed jobs and do not have much cash set aside; I expect to use part of the funds for tuition in about two years; I want a very high-return strategy even though I cannot afford a big setback; If the account dropped sharply, I would probably need to sell.",Human review,Yes,Inconsistent,Low,High,High,Human review,Yes,4,0,0,No
ILS-277,I am 64 and I am either retired or close to retirement. I want the account to produce reliable income and avoid a large drawdown. I have a strong cash buffer and no major short-term debts. I may need a large part of the money within eighteen months. I prefer avoiding losses even if returns are lower. I prefer stability and clear explanation over maximum growth.,Reliable income and avoid a large drawdown; I may need a large part of the money within eighteen months; I prefer avoiding losses even if returns are lower,Conservative,No,Low,High,High,Low,Conservative,No,4,0,0,No
ILS-278,I am 28 and would like investment advice that reflects my goals and constraints. My main goal is retirement. My emergency savings are already funded and this money is not needed for bills. I may need access to some cash before the end of five years. A previous loss made me exit the market at the worst moment. I want a portfolio that helps me avoid another emotional mistake.,A previous loss made me exit the market at the worst moment; I want a portfolio that helps me avoid another emotional mistake.,Balanced,No,Inconsistent,High,Moderate,Medium,Conservative,No,1,3,0,No
ILS-279,"As a 31-year-old retail investor, I want the system to understand my situation before recommending a portfolio. The main goal is a home down payment. I may need this money for a business deposit in the next year or two. I still carry high-interest debt and have limited savings. I do not sleep well when investments lose value. I still want the money to earn something, but I cannot risk losing funds that may be needed soon.",The main goal is a home down payment.; I may need this money for a business deposit in the next year or two; I still carry high-interest debt and have limited savings,Human review,Yes,Low,Low,High,High,Human review,Yes,4,0,0,No
ILS-280,"As a 31-year-old retail investor, I want the system to understand my situation before recommending a portfolio. I cannot estimate my future income yet. My debt level may change soon. I am unsure how much volatility I could accept. I would like the robo-adviser to recommend something, but I realize important information may still be missing.",I cannot estimate my future income yet; My debt level may change soon; I am unsure how much volatility I could accept,Human review,Yes,Inconsistent,Low,High,High,Human review,Yes,4,0,0,No
ILS-281,"I am 64 and would like investment advice that reflects my goals and constraints. My goal is to grow my savings quickly. I recently changed jobs and do not have much cash set aside, and this money may be needed for rent and family expenses very soon. I would like to take a lot of risk so the account can grow fast. I am not sure I could stay invested if markets fell. I need advice because my desire for high return may not match my ability to absorb losses.",I recently changed jobs and do not have much cash set aside; This money may be needed for rent and family expenses very soon; I would like to take a lot of risk so the account can grow fast; I am not sure I could stay invested if markets fell.,Human review,Yes,Inconsistent,Low,Urgent,High,Human review,Yes,4,0,0,No
ILS-282,"I am 70 and I am either retired or close to retirement. I want the account to produce reliable income and avoid a large drawdown. I can save monthly, although I still have normal household commitments. I want some flexibility in case a family expense appears within the next four years. I become very uncomfortable when my account falls even a little. I prefer stability and clear explanation over maximum growth.",Reliable income and avoid a large drawdown; I want some flexibility in case a family expense appears within the next four years; I become very uncomfortable when my account falls even a little,Conservative,No,Low,Moderate,Moderate,Medium,Conservative,No,4,0,0,No
ILS-283,"As a 55-year-old retail investor, I want the system to understand my situation before recommending a portfolio. The main goal is a business deposit. This money may be needed for rent and family expenses very soon. I have several fixed expenses and only a small emergency reserve. I am comfortable with moderate risk if the reason is clear. I still want the money to earn something, but I cannot risk losing funds that may be needed soon.",The main goal is a business deposit.; This money may be needed for rent and family expenses very soon; I have several fixed expenses and only a small emergency reserve,Human review,Yes,Moderate,Low,Urgent,High,Human review,Yes,4,0,0,No
ILS-284,"I am 55 and I am describing my investment situation for an automated advisory service. My retirement savings are behind schedule. I recently changed jobs and do not have much cash set aside, and I want to keep access to the funds because a major expense is likely soon. I feel behind financially and want the portfolio to recover the gap as quickly as possible. If the account dropped sharply, I would probably need to sell. I need advice because my desire for high return may not match my ability to absorb losses.","I recently changed jobs and do not have much cash set aside; I want to keep access to the funds because a major expense is likely soon; I feel behind financially and want the portfolio to recover the gap as quickly as possible; If the account dropped sharply, I would probably need to sell.",Human review,Yes,Inconsistent,Low,Urgent,High,Human review,Yes,4,0,0,No
ILS-285,"I am 34 and I am describing my investment situation for an automated advisory service. My retirement savings are behind schedule. I have several fixed expenses and only a small emergency reserve, and I may need the money within six months. I feel behind financially and want the portfolio to recover the gap as quickly as possible. If the account dropped sharply, I would probably need to sell. I need advice because my desire for high return may not match my ability to absorb losses.","I have several fixed expenses and only a small emergency reserve; I may need the money within six months; I feel behind financially and want the portfolio to recover the gap as quickly as possible; If the account dropped sharply, I would probably need to sell.",Human review,Yes,Inconsistent,Low,Urgent,High,Human review,Yes,4,0,0,No
ILS-286,"I am 72 and would like investment advice that reflects my goals and constraints. I have two goals at the same time: medical costs soon and financial independence later. I need access to cash this year for medical expenses. I can save monthly, although I still have normal household commitments. I can tolerate volatility if it improves long-term growth potential, but I am unsure whether one portfolio can serve both the short-term and long-term goals.","Medical costs soon and financial independence later; I need access to cash this year for medical expenses; I can save monthly, although I still have normal household commitments",Human review,Yes,Inconsistent,Moderate,Urgent,High,Human review,Yes,4,0,0,No
ILS-287,"I am 51 and I am describing my investment situation for an automated advisory service. I am saving for retirement and do not expect withdrawals for many years. My income is predictable, and this investment account is separate from my living expenses. I will not need this account for everyday expenses. I understand that equity markets can fall and I would stay invested, and I would prefer a recommendation that emphasizes long-term growth while still remaining diversified.","I am saving for retirement and do not expect withdrawals for many years.; My income is predictable, and this investment account is separate from my living expenses; I will not need this account for everyday expenses; I understand that equity markets can fall and I would stay invested",Aggressive growth,No,High,High,Low,Low,Aggressive growth,No,3,0,1,No
ILS-288,"I am 51 and I am describing my investment situation for an automated advisory service. I have two goals at the same time: medical costs soon and financial independence later. I may need the money within six months. I have a mortgage but my income covers regular expenses. I understand that equity markets can fall and I would stay invested, but I am unsure whether one portfolio can serve both the short-term and long-term goals.",Medical costs soon and financial independence later; I may need the money within six months; I have a mortgage but my income covers regular expenses,Human review,Yes,Inconsistent,Moderate,Urgent,High,Human review,Yes,4,0,0,No
ILS-289,"My situation is as follows: I am 38 and I want a portfolio recommendation based on my circumstances. I am trying to grow funds for a future home purchase. My household depends mostly on one unstable income, and I am considering a home down payment within the next two years. I would like to take a lot of risk so the account can grow fast. I am not sure I could stay invested if markets fell. I need advice because my desire for high return may not match my ability to absorb losses.",My household depends mostly on one unstable income; I am considering a home down payment within the next two years; I would like to take a lot of risk so the account can grow fast; I am not sure I could stay invested if markets fell.,Human review,Yes,Inconsistent,Low,High,High,Human review,Yes,4,0,0,No
ILS-290,"As a 64-year-old retail investor, I want the system to understand my situation before recommending a portfolio. I do not know how much of this account I might need. I have not checked whether my emergency fund is enough. I think I can take some risk, but I am not sure how much. I would like the robo-adviser to recommend something, but I realize important information may still be missing.","I do not know how much of this account I might need; I have not checked whether my emergency fund is enough; I think I can take some risk, but I am not sure how much",Human review,Yes,Inconsistent,Low,High,High,Human review,Yes,4,0,0,No
ILS-291,"I am 31 and would like investment advice that reflects my goals and constraints. I have two goals at the same time: medical costs soon and financial independence later. I am considering a home down payment within the next two years. My emergency savings are already funded and this money is not needed for bills. I can tolerate normal market fluctuations, but I am unsure whether one portfolio can serve both the short-term and long-term goals.",Medical costs soon and financial independence later; I am considering a home down payment within the next two years; My emergency savings are already funded and this money is not needed for bills,Human review,Yes,Inconsistent,High,High,High,Human review,Yes,2,2,0,No
ILS-292,"As a 51-year-old retail investor, I want the system to understand my situation before recommending a portfolio. I hope to grow capital that could later support a business idea. I can save monthly, although I still have normal household commitments. I may need a large part of the money within eighteen months. I do not want to be left behind if the market keeps rising. I am asking for a recommendation, but I may be putting too much weight on recent market excitement.","I can save monthly, although I still have normal household commitments; I may need a large part of the money within eighteen months; I do not want to be left behind if the market keeps rising",Human review,Yes,High,Moderate,High,High,Human review,Yes,4,0,0,No
ILS-293,"I am 55 and would like investment advice that reflects my goals and constraints. I have two goals at the same time: medical costs soon and financial independence later. I expect to use part of the funds for tuition in about two years. My emergency savings are already funded and this money is not needed for bills. I can tolerate normal market fluctuations, but I am unsure whether one portfolio can serve both the short-term and long-term goals.",Medical costs soon and financial independence later; I expect to use part of the funds for tuition in about two years; My emergency savings are already funded and this money is not needed for bills,Human review,Yes,Inconsistent,High,High,High,Human review,Yes,2,2,0,No
ILS-294,"As a 72-year-old retail investor, I want the system to understand my situation before recommending a portfolio. I may also use the money to reduce debt. I recently changed jobs and do not have much cash set aside, and this money may be needed for rent and family expenses very soon. I would like to take a lot of risk so the account can grow fast. At the same time, I cannot tolerate losing much of this money. I need advice because my desire for high return may not match my ability to absorb losses.","I recently changed jobs and do not have much cash set aside; This money may be needed for rent and family expenses very soon; I would like to take a lot of risk so the account can grow fast; At the same time, I cannot tolerate losing much of this money.",Human review,Yes,Inconsistent,Low,Urgent,High,Human review,Yes,4,0,0,No
ILS-295,"As a 38-year-old retail investor, I want the system to understand my situation before recommending a portfolio. My main goal is retirement. My emergency savings are already funded and this money is not needed for bills. I have no planned withdrawals from this account in the near future. I usually say I can take risk, but I sold quickly during the last downturn. I am tempted by growth funds, but I worry I will sell again in a downturn.","I usually say I can take risk, but I sold quickly during the last downturn; I am tempted by growth funds, but I worry I will sell again in a downturn.",Balanced,No,Low,High,Low,Medium,Conservative,No,0,4,0,No
ILS-296,"I am 38 and would like investment advice that reflects my goals and constraints. This account is for retirement rather than short-term spending. My household income is steady, and I have a strong cash buffer and no major short-term debts. I will not need this account for everyday expenses. I can tolerate volatility if it improves long-term growth potential, and I would prefer a recommendation that emphasizes long-term growth while still remaining diversified.","This account is for retirement rather than short-term spending.; My household income is steady, and I have a strong cash buffer and no major short-term debts; I will not need this account for everyday expenses; I can tolerate volatility if it improves long-term growth potential",Aggressive growth,No,High,High,Low,Low,Aggressive growth,No,3,0,1,No
ILS-297,"My situation is as follows: I am 68 and I want a portfolio recommendation based on my circumstances. I hope to grow capital that could later support a business idea. I have a mortgage but my income covers regular expenses. I am considering a home down payment within the next two years. I want to catch up quickly because everyone around me seems to be making money. I am asking for a recommendation, but I may be putting too much weight on recent market excitement.",I have a mortgage but my income covers regular expenses; I am considering a home down payment within the next two years; I want to catch up quickly because everyone around me seems to be making money,Human review,Yes,High,Moderate,High,High,Human review,Yes,4,0,0,No
ILS-298,"I am 55 and would like investment advice that reflects my goals and constraints. I am dealing with a medical issue that could create large bills. I have several fixed expenses and only a small emergency reserve, and I may need to withdraw most of this account within the next nine months. I get anxious during market declines. I should probably not rely only on an automated recommendation unless the case is reviewed carefully.",I am dealing with a medical issue that could create large bills; I may need to withdraw most of this account within the next nine months; I get anxious during market declines,Human review,Yes,Low,Low,Urgent,High,Human review,Yes,4,0,0,No
ILS-299,"My situation is as follows: I am 31 and I want a portfolio recommendation based on my circumstances. The main goal is a business deposit. I expect to use part of the funds for tuition in about two years. I recently changed jobs and do not have much cash set aside. I can tolerate normal market fluctuations. I still want the money to earn something, but I cannot risk losing funds that may be needed soon.",The main goal is a business deposit.; I expect to use part of the funds for tuition in about two years; I recently changed jobs and do not have much cash set aside,Human review,Yes,Moderate,Low,High,High,Human review,Yes,4,0,0,No
ILS-300,"My situation is as follows: I am 38 and I want a portfolio recommendation based on my circumstances. The main goal is education funding. I may need this money for a business deposit in the next year or two. My household depends mostly on one unstable income. I do not sleep well when investments lose value. I still want the money to earn something, but I cannot risk losing funds that may be needed soon.",The main goal is education funding.; I may need this money for a business deposit in the next year or two; My household depends mostly on one unstable income,Human review,Yes,Low,Low,High,High,Human review,Yes,4,0,0,No
ILS-301,"My situation is as follows: I am 64 and I want a portfolio recommendation based on my circumstances. I am trying to grow funds for a future home purchase. I recently changed jobs and do not have much cash set aside, and I am considering a home down payment within the next two years. I want the most aggressive portfolio available because I need high returns quickly. At the same time, I cannot tolerate losing much of this money. I need advice because my desire for high return may not match my ability to absorb losses.","I recently changed jobs and do not have much cash set aside; I am considering a home down payment within the next two years; I want the most aggressive portfolio available because I need high returns quickly; At the same time, I cannot tolerate losing much of this money.",Human review,Yes,Inconsistent,Low,High,High,Human review,Yes,4,0,0,No
ILS-302,"My situation is as follows: I am 51 and I want a portfolio recommendation based on my circumstances. My retirement savings are behind schedule. I recently changed jobs and do not have much cash set aside, and I expect to use part of the funds for tuition in about two years. I want the most aggressive portfolio available because I need high returns quickly. At the same time, I cannot tolerate losing much of this money. I need advice because my desire for high return may not match my ability to absorb losses.","I recently changed jobs and do not have much cash set aside; I expect to use part of the funds for tuition in about two years; I want the most aggressive portfolio available because I need high returns quickly; At the same time, I cannot tolerate losing much of this money.",Human review,Yes,Inconsistent,Low,High,High,Human review,Yes,4,0,0,No
ILS-303,"As a 60-year-old retail investor, I want the system to understand my situation before recommending a portfolio. I have two goals at the same time: a business deposit soon and retirement later. I expect to use part of the funds for tuition in about two years. My income is irregular and my emergency fund is small. I am willing to accept higher risk for higher expected return, but I am unsure whether one portfolio can serve both the short-term and long-term goals.",A business deposit soon and retirement later; I expect to use part of the funds for tuition in about two years; My income is irregular and my emergency fund is small,Human review,Yes,Inconsistent,Low,High,High,Human review,Yes,4,0,0,No
ILS-304,"My situation is as follows: I am 55 and I want a portfolio recommendation based on my circumstances. I am building an education fund and want the money to grow without excessive risk. My household income is steady, although I have a stable job, but my cash buffer is only moderate. I do not expect to withdraw this money for at least ten years. I prefer a balanced approach rather than the highest possible return, so I would prefer a portfolio that balances growth and stability.",I am building an education fund and want the money to grow without excessive risk.; I do not expect to withdraw this money for at least ten years; I prefer a balanced approach rather than the highest possible return,Balanced,No,Moderate,Moderate,Low,Low,Balanced,No,4,0,0,No
ILS-305,"My situation is as follows: I am 55 and I want a portfolio recommendation based on my circumstances. I want to increase my retirement savings quickly. I have no high-interest debt and a separate emergency fund. I am considering a home down payment within the next two years. I think recent gains prove I should take more risk now. I am asking for a recommendation, but I may be putting too much weight on recent market excitement.",I have no high-interest debt and a separate emergency fund; I am considering a home down payment within the next two years; I think recent gains prove I should take more risk now,Growth,No,High,High,High,High,Human review,Yes,0,4,0,No
ILS-306,"My situation is as follows: I am 55 and I want a portfolio recommendation based on my circumstances. I want the account to support stable income rather than large capital gains. My debt is manageable, but I would not want a large loss right before a major expense. I may need access to some cash before the end of five years. I prefer avoiding losses even if returns are lower. I would accept lower returns if that reduces the chance of a meaningful loss.",I want the account to support stable income rather than large capital gains.; I may need access to some cash before the end of five years; I prefer avoiding losses even if returns are lower,Capital preservation,No,Low,Moderate,Moderate,Medium,Capital preservation,No,4,0,0,No
ILS-307,"I am 31 and I am describing my investment situation for an automated advisory service. I cannot estimate my future income yet. I have not checked whether my emergency fund is enough. I do not know whether I should be conservative or aggressive. I would like the robo-adviser to recommend something, but I realize important information may still be missing.",I cannot estimate my future income yet; I have not checked whether my emergency fund is enough; I do not know whether I should be conservative or aggressive,Human review,Yes,Inconsistent,Low,High,High,Human review,Yes,4,0,0,No
ILS-308,"I am 31 and would like investment advice that reflects my goals and constraints. I may use some of the funds to reduce debt if rates stay high. My debt is manageable, but I would not want a large loss right before a major expense. I am considering a home down payment within the next two years. I become very uncomfortable when my account falls even a little. I would accept lower returns if that reduces the chance of a meaningful loss.",I may use some of the funds to reduce debt if rates stay high.; I am considering a home down payment within the next two years; I become very uncomfortable when my account falls even a little,Capital preservation,No,Low,Moderate,High,Medium,Capital preservation,No,4,0,0,No
ILS-309,"I am 38 and would like investment advice that reflects my goals and constraints. I want this account to grow over the long run. My salary is stable, and I have no high-interest debt and a separate emergency fund. I have no planned withdrawals from this account in the near future. I do not panic when markets move sharply, and I would prefer a recommendation that emphasizes long-term growth while still remaining diversified.","I want this account to grow over the long run.; My salary is stable, and I have no high-interest debt and a separate emergency fund; I have no planned withdrawals from this account in the near future; I do not panic when markets move sharply",Aggressive growth,No,High,High,Low,Low,Aggressive growth,No,3,0,1,No
ILS-310,"My situation is as follows: I am 42 and I want a portfolio recommendation based on my circumstances. The main goal is a business deposit. I may need a large part of the money within eighteen months. I can save monthly, although I still have normal household commitments. I become very uncomfortable when my account falls even a little. I still want the money to earn something, but I cannot risk losing funds that may be needed soon.","The main goal is a business deposit.; I may need a large part of the money within eighteen months; I can save monthly, although I still have normal household commitments",Capital preservation,No,Low,Moderate,High,Medium,Capital preservation,No,4,0,0,No
ILS-311,"My situation is as follows: I am 51 and I want a portfolio recommendation based on my circumstances. The main goal is covering possible healthcare costs. This money may be needed for rent and family expenses very soon. I have several fixed expenses and only a small emergency reserve. I get anxious during market declines. I still want the money to earn something, but I cannot risk losing funds that may be needed soon.",The main goal is covering possible healthcare costs.; This money may be needed for rent and family expenses very soon; I have several fixed expenses and only a small emergency reserve,Human review,Yes,Low,Low,Urgent,High,Human review,Yes,4,0,0,No
ILS-312,"I am 46 and would like investment advice that reflects my goals and constraints. This account partly supports my emergency reserve. My debt is manageable, but I would not want a large loss right before a major expense. I want some flexibility in case a family expense appears within the next four years. I get anxious during market declines. I would accept lower returns if that reduces the chance of a meaningful loss.",This account partly supports my emergency reserve.; I want some flexibility in case a family expense appears within the next four years; I get anxious during market declines,Capital preservation,No,Low,Moderate,Moderate,Medium,Capital preservation,No,4,0,0,No
ILS-313,"As a 55-year-old retail investor, I want the system to understand my situation before recommending a portfolio. My main goal is saving for education expenses. This investment account is separate from my living expenses. I have no planned withdrawals from this account in the near future. I usually say I can take risk, but I sold quickly during the last downturn. I am tempted by growth funds, but I worry I will sell again in a downturn.","I usually say I can take risk, but I sold quickly during the last downturn; I am tempted by growth funds, but I worry I will sell again in a downturn.",Balanced,No,Low,High,Low,Medium,Conservative,No,0,4,0,No
ILS-314,"I am 46 and I am describing my investment situation for an automated advisory service. I may also use the money to reduce debt. I recently changed jobs and do not have much cash set aside, and I need access to cash this year for medical expenses. I want a very high-return strategy even though I cannot afford a big setback. At the same time, I cannot tolerate losing much of this money. I need advice because my desire for high return may not match my ability to absorb losses.","I recently changed jobs and do not have much cash set aside; I need access to cash this year for medical expenses; I want a very high-return strategy even though I cannot afford a big setback; At the same time, I cannot tolerate losing much of this money.",Human review,Yes,Inconsistent,Low,Urgent,High,Human review,Yes,4,0,0,No
ILS-315,"I am 51 and would like investment advice that reflects my goals and constraints. The main goal is a business deposit. I want to keep access to the funds because a major expense is likely soon. I can save monthly, although I still have normal household commitments. I do not sleep well when investments lose value. I still want the money to earn something, but I cannot risk losing funds that may be needed soon.","The main goal is a business deposit.; I want to keep access to the funds because a major expense is likely soon; I can save monthly, although I still have normal household commitments",Capital preservation,No,Low,Moderate,High,Medium,Capital preservation,No,4,0,0,No
ILS-316,"As a 51-year-old retail investor, I want the system to understand my situation before recommending a portfolio. My main goal is retirement. I have stable income, manageable debt, and cash reserves outside this account. I can leave the funds invested for a long period. A previous loss made me exit the market at the worst moment. I am tempted by growth funds, but I worry I will sell again in a downturn.","A previous loss made me exit the market at the worst moment; I am tempted by growth funds, but I worry I will sell again in a downturn.",Balanced,No,Low,High,Low,Medium,Conservative,No,0,4,0,No
ILS-317,"I am 64 and I am either retired or close to retirement. I want the account to produce reliable income and avoid a large drawdown. I can save monthly, although I still have normal household commitments. I want to keep access to the funds because a major expense is likely soon. I prefer a balanced approach rather than the highest possible return. I prefer stability and clear explanation over maximum growth.",Reliable income and avoid a large drawdown; I want to keep access to the funds because a major expense is likely soon; I prefer a balanced approach rather than the highest possible return,Conservative,No,Moderate,Moderate,High,Low,Conservative,No,2,2,0,No
ILS-318,"As a 55-year-old retail investor, I want the system to understand my situation before recommending a portfolio. I want this account to grow over the long run. I have stable consulting income, and I have stable income, manageable debt, and cash reserves outside this account. I do not expect to withdraw this money for at least ten years. I can tolerate normal market fluctuations, and I would prefer a recommendation that emphasizes long-term growth while still remaining diversified.","I want this account to grow over the long run.; I have stable consulting income, and I have stable income, manageable debt, and cash reserves outside this account; I do not expect to withdraw this money for at least ten years; I can tolerate normal market fluctuations",Growth,No,Moderate,High,Low,Low,Growth,No,3,0,1,No
ILS-319,"I am 51 and I am describing my investment situation for an automated advisory service. I am saving toward a home purchase but the exact timing is still a few years away. My household income is steady, although I have a mortgage but my income covers regular expenses. I have no planned withdrawals from this account in the near future. I want growth but with a controlled level of volatility, so I would prefer a portfolio that balances growth and stability.",I am saving toward a home purchase but the exact timing is still a few years away.; I have no planned withdrawals from this account in the near future; I want growth but with a controlled level of volatility,Growth,No,Moderate,Moderate,Low,Low,Balanced,No,0,4,0,No
ILS-320,"My situation is as follows: I am 31 and I want a portfolio recommendation based on my circumstances. I support family members and my income can change month to month. My household depends mostly on one unstable income, and I may need the money within six months. I become very uncomfortable when my account falls even a little. I should probably not rely only on an automated recommendation unless the case is reviewed carefully.",I support family members and my income can change month to month; I may need the money within six months; I become very uncomfortable when my account falls even a little,Human review,Yes,Low,Low,Urgent,High,Human review,Yes,4,0,0,No
ILS-321,"My situation is as follows: I am 42 and I want a portfolio recommendation based on my circumstances. This account is for retirement rather than short-term spending. I have a secure full-time job, and this investment account is separate from my living expenses. I can leave the funds invested for a long period. I do not panic when markets move sharply, and I would prefer a recommendation that emphasizes long-term growth while still remaining diversified.","This account is for retirement rather than short-term spending.; I have a secure full-time job, and this investment account is separate from my living expenses; I can leave the funds invested for a long period; I do not panic when markets move sharply",Aggressive growth,No,High,High,Low,Low,Aggressive growth,No,3,0,1,No
ILS-322,"My situation is as follows: I am 34 and I want a portfolio recommendation based on my circumstances. I am investing for retirement and would like steady long-term growth. I have stable consulting income, although I have a stable job, but my cash buffer is only moderate. I will not need this account for everyday expenses. I can tolerate normal market fluctuations, so I would prefer a portfolio that balances growth and stability.",I am investing for retirement and would like steady long-term growth.; I will not need this account for everyday expenses; I can tolerate normal market fluctuations,Growth,No,Moderate,Moderate,Low,Low,Growth,No,3,0,1,No
ILS-323,"My situation is as follows: I am 60 and I want a portfolio recommendation based on my circumstances. The main goal is a home down payment. I am considering a home down payment within the next two years. I have a mortgage but my income covers regular expenses. I would rather earn less than see big swings. I still want the money to earn something, but I cannot risk losing funds that may be needed soon.",The main goal is a home down payment.; I am considering a home down payment within the next two years; I have a mortgage but my income covers regular expenses,Capital preservation,No,Low,Moderate,High,Medium,Capital preservation,No,4,0,0,No
ILS-324,"I am 51 and I am describing my investment situation for an automated advisory service. I hope to grow capital that could later support a business idea. I have stable income, manageable debt, and cash reserves outside this account. I want some flexibility in case a family expense appears within the next four years. I believe I can beat the market by moving in and out quickly. I am asking for a recommendation, but I may be putting too much weight on recent market excitement.","I have stable income, manageable debt, and cash reserves outside this account; I want some flexibility in case a family expense appears within the next four years; I believe I can beat the market by moving in and out quickly",Growth,No,High,High,Moderate,Medium,Balanced,No,0,4,0,No
ILS-325,"My situation is as follows: I am 38 and I want a portfolio recommendation based on my circumstances. I am building an education fund and want the money to grow without excessive risk. My income is predictable, although I have some family expenses, but also a modest emergency fund. I can leave the funds invested for a long period. I want growth but with a controlled level of volatility, so I would prefer a portfolio that balances growth and stability.",I am building an education fund and want the money to grow without excessive risk.; I can leave the funds invested for a long period; I want growth but with a controlled level of volatility,Growth,No,Moderate,Moderate,Low,Low,Growth,No,3,1,0,No
ILS-326,"As a 68-year-old retail investor, I want the system to understand my situation before recommending a portfolio. I want the account to support stable income rather than large capital gains. I still carry high-interest debt and have limited savings. I may use part of the money in three to five years. I prefer avoiding losses even if returns are lower. I would accept lower returns if that reduces the chance of a meaningful loss.",I want the account to support stable income rather than large capital gains.; I may use part of the money in three to five years; I prefer avoiding losses even if returns are lower,Conservative,No,Low,Low,Moderate,Low,Conservative,No,4,0,0,No
ILS-327,"My situation is as follows: I am 31 and I want a portfolio recommendation based on my circumstances. I am building an education fund and want the money to grow without excessive risk. My income is predictable, although I can save monthly, although I still have normal household commitments. I could withdraw a small portion in the medium term. I prefer a balanced approach rather than the highest possible return, so I would prefer a portfolio that balances growth and stability.",I am building an education fund and want the money to grow without excessive risk.; I could withdraw a small portion in the medium term; I prefer a balanced approach rather than the highest possible return,Balanced,No,Moderate,Moderate,Moderate,Low,Balanced,No,4,0,0,No
ILS-328,"I am 61 and I am either retired or close to retirement. I want the account to produce reliable income and avoid a large drawdown. I have a stable job, but my cash buffer is only moderate. I expect to use part of the funds for tuition in about two years. I am comfortable with moderate risk if the reason is clear. I prefer stability and clear explanation over maximum growth.",Reliable income and avoid a large drawdown; I expect to use part of the funds for tuition in about two years; I am comfortable with moderate risk if the reason is clear,Conservative,No,Moderate,Moderate,High,Low,Conservative,No,4,0,0,No
ILS-329,"As a 42-year-old retail investor, I want the system to understand my situation before recommending a portfolio. I am building an education fund and want the money to grow without excessive risk. I have a secure full-time job, although I have some family expenses, but also a modest emergency fund. I do not expect to withdraw this money for at least ten years. I am comfortable with moderate risk if the reason is clear, so I would prefer a portfolio that balances growth and stability.",I am building an education fund and want the money to grow without excessive risk.; I do not expect to withdraw this money for at least ten years; I am comfortable with moderate risk if the reason is clear,Balanced,No,Moderate,Moderate,Low,Low,Balanced,No,4,0,0,No
ILS-330,"As a 38-year-old retail investor, I want the system to understand my situation before recommending a portfolio. The main goal is a home down payment. I am considering a home down payment within the next two years. I recently changed jobs and do not have much cash set aside. I can tolerate normal market fluctuations. I still want the money to earn something, but I cannot risk losing funds that may be needed soon.",The main goal is a home down payment.; I am considering a home down payment within the next two years; I recently changed jobs and do not have much cash set aside,Human review,Yes,Moderate,Low,High,High,Human review,Yes,4,0,0,No
ILS-331,"I am 68 and would like investment advice that reflects my goals and constraints. I have not decided whether this is for retirement, a house, or general savings. I have not checked whether my emergency fund is enough. I think I can take some risk, but I am not sure how much. I would like the robo-adviser to recommend something, but I realize important information may still be missing.","I have not decided whether this is for retirement, a house, or general savings; I have not checked whether my emergency fund is enough; I think I can take some risk, but I am not sure how much",Human review,Yes,Inconsistent,Low,High,High,Human review,Yes,4,0,0,No
ILS-332,"I am 55 and would like investment advice that reflects my goals and constraints. My main goal is retirement planning more than fifteen years away. I have a secure full-time job, and I have a strong cash buffer and no major short-term debts. I will not need this account for everyday expenses. I can tolerate volatility if it improves long-term growth potential, and I would prefer a recommendation that emphasizes long-term growth while still remaining diversified.","My main goal is retirement planning more than fifteen years away.; I have a secure full-time job, and I have a strong cash buffer and no major short-term debts; I will not need this account for everyday expenses; I can tolerate volatility if it improves long-term growth potential",Aggressive growth,No,High,High,Low,Low,Aggressive growth,No,3,0,1,No
ILS-333,"My situation is as follows: I am 46 and I want a portfolio recommendation based on my circumstances. I may also use the money to reduce debt. I have several fixed expenses and only a small emergency reserve, and I have a tax payment due soon and may need to use these funds. I want the most aggressive portfolio available because I need high returns quickly. I am not sure I could stay invested if markets fell. I need advice because my desire for high return may not match my ability to absorb losses.",I have several fixed expenses and only a small emergency reserve; I have a tax payment due soon and may need to use these funds; I want the most aggressive portfolio available because I need high returns quickly; I am not sure I could stay invested if markets fell.,Human review,Yes,Inconsistent,Low,Urgent,High,Human review,Yes,4,0,0,No
ILS-334,"I am 51 and would like investment advice that reflects my goals and constraints. I am unsure about my debts and cash needs over the next year. I have not reviewed my monthly budget recently. I am unsure how much volatility I could accept. I would like the robo-adviser to recommend something, but I realize important information may still be missing.",I am unsure about my debts and cash needs over the next year; I have not reviewed my monthly budget recently; I am unsure how much volatility I could accept,Human review,Yes,Inconsistent,Low,High,High,Human review,Yes,4,0,0,No
ILS-335,"As a 72-year-old retail investor, I want the system to understand my situation before recommending a portfolio. I may also use the money to reduce debt. I still carry high-interest debt and have limited savings, and I want to keep access to the funds because a major expense is likely soon. I want the most aggressive portfolio available because I need high returns quickly. At the same time, I cannot tolerate losing much of this money. I need advice because my desire for high return may not match my ability to absorb losses.","I still carry high-interest debt and have limited savings; I want to keep access to the funds because a major expense is likely soon; I want the most aggressive portfolio available because I need high returns quickly; At the same time, I cannot tolerate losing much of this money.",Human review,Yes,Inconsistent,Low,Urgent,High,Human review,Yes,4,0,0,No
ILS-336,I am 60 and I am describing my investment situation for an automated advisory service. I want the account to support stable income rather than large capital gains. I recently changed jobs and do not have much cash set aside. I want some flexibility in case a family expense appears within the next four years. I do not sleep well when investments lose value. I would accept lower returns if that reduces the chance of a meaningful loss.,I want the account to support stable income rather than large capital gains.; I want some flexibility in case a family expense appears within the next four years; I do not sleep well when investments lose value,Conservative,No,Low,Low,Moderate,Low,Conservative,No,4,0,0,No
ILS-337,"I am 68 and would like investment advice that reflects my goals and constraints. The main goal is a home down payment. I want to keep access to the funds because a major expense is likely soon. I still carry high-interest debt and have limited savings. I want growth but with a controlled level of volatility. I still want the money to earn something, but I cannot risk losing funds that may be needed soon.",The main goal is a home down payment.; I want to keep access to the funds because a major expense is likely soon; I still carry high-interest debt and have limited savings,Human review,Yes,Moderate,Low,High,High,Human review,Yes,4,0,0,No
ILS-338,"As a 68-year-old retail investor, I want the system to understand my situation before recommending a portfolio. I have two goals at the same time: tuition soon and long-term wealth growth later. I may need the money within six months. My household depends mostly on one unstable income. I can tolerate normal market fluctuations, but I am unsure whether one portfolio can serve both the short-term and long-term goals.",Tuition soon and long-term wealth growth later; I may need the money within six months; My household depends mostly on one unstable income,Human review,Yes,Inconsistent,Low,Urgent,High,Human review,Yes,4,0,0,No
ILS-339,"I am 64 and I am describing my investment situation for an automated advisory service. I have two goals at the same time: a home down payment soon and long-term wealth growth later. I have a tax payment due soon and may need to use these funds. I have a mortgage but my income covers regular expenses. I am comfortable with large short-term swings, but I am unsure whether one portfolio can serve both the short-term and long-term goals.",A home down payment soon and long-term wealth growth later; I have a tax payment due soon and may need to use these funds; I have a mortgage but my income covers regular expenses,Human review,Yes,Inconsistent,Moderate,Urgent,High,Human review,Yes,4,0,0,No
ILS-340,"As a 60-year-old retail investor, I want the system to understand my situation before recommending a portfolio. I want to build wealth faster than I have so far. I have a stable job, but my cash buffer is only moderate. I may need this money for a business deposit in the next year or two. I want to catch up quickly because everyone around me seems to be making money. I am asking for a recommendation, but I may be putting too much weight on recent market excitement.","I have a stable job, but my cash buffer is only moderate; I may need this money for a business deposit in the next year or two; I want to catch up quickly because everyone around me seems to be making money",Human review,Yes,High,Moderate,High,High,Human review,Yes,4,0,0,No
ILS-341,"I am 72 and would like investment advice that reflects my goals and constraints. I have two goals at the same time: tuition soon and future family security later. I am considering a home down payment within the next two years. My household depends mostly on one unstable income. I can accept some ups and downs but not extreme losses, but I am unsure whether one portfolio can serve both the short-term and long-term goals.",Tuition soon and future family security later; I am considering a home down payment within the next two years; My household depends mostly on one unstable income,Human review,Yes,Inconsistent,Low,High,High,Human review,Yes,4,0,0,No
ILS-342,"I am 72 and I am describing my investment situation for an automated advisory service. I am saving toward a home purchase but the exact timing is still a few years away. I have a secure full-time job, although I have a mortgage but my income covers regular expenses. I could withdraw a small portion in the medium term. I am comfortable with moderate risk if the reason is clear, so I would prefer a portfolio that balances growth and stability.",I am saving toward a home purchase but the exact timing is still a few years away.; I could withdraw a small portion in the medium term; I am comfortable with moderate risk if the reason is clear,Balanced,No,Moderate,Moderate,Moderate,Low,Balanced,No,4,0,0,No
ILS-343,"I am 64 and I am describing my investment situation for an automated advisory service. I do not know how much of this account I might need. My income may change, but I cannot estimate by how much. I am unsure how much volatility I could accept. I would like the robo-adviser to recommend something, but I realize important information may still be missing.","I do not know how much of this account I might need; My income may change, but I cannot estimate by how much; I am unsure how much volatility I could accept",Human review,Yes,Inconsistent,Low,High,High,Human review,Yes,4,0,0,No
ILS-344,"My situation is as follows: I am 55 and I want a portfolio recommendation based on my circumstances. I want the account to support stable income rather than large capital gains. I have some family expenses, but also a modest emergency fund. I may need access to some cash before the end of five years. I would rather earn less than see big swings. I would accept lower returns if that reduces the chance of a meaningful loss.",I want the account to support stable income rather than large capital gains.; I may need access to some cash before the end of five years; I would rather earn less than see big swings,Conservative,No,Low,Moderate,Moderate,Low,Conservative,No,4,0,0,No
ILS-345,"My situation is as follows: I am 51 and I want a portfolio recommendation based on my circumstances. I hope to grow capital that could later support a business idea. I can save monthly, although I still have normal household commitments. I may need a large part of the money within eighteen months. I follow market influencers and feel confident about timing the next rally. I am asking for a recommendation, but I may be putting too much weight on recent market excitement.","I can save monthly, although I still have normal household commitments; I may need a large part of the money within eighteen months; I follow market influencers and feel confident about timing the next rally",Human review,Yes,High,Moderate,High,High,Human review,Yes,4,0,0,No
ILS-346,I am 61 and I am either retired or close to retirement. I want the account to produce reliable income and avoid a large drawdown. I have a mortgage but my income covers regular expenses. I expect to use part of the funds for tuition in about two years. I get anxious during market declines. I prefer stability and clear explanation over maximum growth.,Reliable income and avoid a large drawdown; I expect to use part of the funds for tuition in about two years; I get anxious during market declines,Conservative,No,Low,Moderate,High,Medium,Conservative,No,4,0,0,No
ILS-347,"As a 51-year-old retail investor, I want the system to understand my situation before recommending a portfolio. My main goal is saving for education expenses. I have stable income, manageable debt, and cash reserves outside this account. I have no planned withdrawals from this account in the near future. I usually say I can take risk, but I sold quickly during the last downturn. I would like a reasonable return, but I know I react badly to losses.","I usually say I can take risk, but I sold quickly during the last downturn; I would like a reasonable return, but I know I react badly to losses.",Balanced,No,Low,High,Low,Medium,Conservative,No,0,4,0,No
ILS-348,"I am 58 and I am either retired or close to retirement. I want the account to produce reliable income and avoid a large drawdown. I have a stable job, but my cash buffer is only moderate. I want to keep access to the funds because a major expense is likely soon. I prefer avoiding losses even if returns are lower. I prefer stability and clear explanation over maximum growth.",Reliable income and avoid a large drawdown; I want to keep access to the funds because a major expense is likely soon; I prefer avoiding losses even if returns are lower,Conservative,No,Low,Moderate,High,Medium,Conservative,No,4,0,0,No
ILS-349,"I am 64 and would like investment advice that reflects my goals and constraints. I am dealing with a medical issue that could create large bills. My household depends mostly on one unstable income, and this money may be needed for rent and family expenses very soon. I am afraid of making a mistake because the money is important for my family. I should probably not rely only on an automated recommendation unless the case is reviewed carefully.",I am dealing with a medical issue that could create large bills; This money may be needed for rent and family expenses very soon; I am afraid of making a mistake because the money is important for my family,Human review,Yes,Low,Low,Urgent,High,Human review,Yes,4,0,0,No
ILS-350,"I am 31 and would like investment advice that reflects my goals and constraints. The main goal is education funding. I want to keep access to the funds because a major expense is likely soon. My debt is manageable, but I would not want a large loss right before a major expense. I get anxious during market declines. I still want the money to earn something, but I cannot risk losing funds that may be needed soon.","The main goal is education funding.; I want to keep access to the funds because a major expense is likely soon; My debt is manageable, but I would not want a large loss right before a major expense",Capital preservation,No,Low,Moderate,High,Medium,Capital preservation,No,4,0,0,No
ILS-351,"As a 60-year-old retail investor, I want the system to understand my situation before recommending a portfolio. My main goal is saving for education expenses. This investment account is separate from my living expenses. I may use part of the money in three to five years. I became frightened by volatility and stopped investing for a while. I would like a reasonable return, but I know I react badly to losses.","I became frightened by volatility and stopped investing for a while; I would like a reasonable return, but I know I react badly to losses.",Balanced,No,Low,High,Moderate,Medium,Conservative,No,0,4,0,No
ILS-352,"I am 55 and I am describing my investment situation for an automated advisory service. I am trying to grow funds for a future home purchase. My household depends mostly on one unstable income, and I may need to withdraw most of this account within the next nine months. I feel behind financially and want the portfolio to recover the gap as quickly as possible. If the account dropped sharply, I would probably need to sell. I need advice because my desire for high return may not match my ability to absorb losses.","My household depends mostly on one unstable income; I may need to withdraw most of this account within the next nine months; I feel behind financially and want the portfolio to recover the gap as quickly as possible; If the account dropped sharply, I would probably need to sell.",Human review,Yes,Inconsistent,Low,Urgent,High,Human review,Yes,4,0,0,No
ILS-353,"My situation is as follows: I am 51 and I want a portfolio recommendation based on my circumstances. My main goal is long-term wealth accumulation. I have stable consulting income, and I have no high-interest debt and a separate emergency fund. I can leave the funds invested for a long period. I prefer a balanced approach rather than the highest possible return, and I would prefer a recommendation that emphasizes long-term growth while still remaining diversified.","My main goal is long-term wealth accumulation.; I have stable consulting income, and I have no high-interest debt and a separate emergency fund; I can leave the funds invested for a long period; I prefer a balanced approach rather than the highest possible return",Growth,No,Moderate,High,Low,Low,Growth,No,3,0,1,No
ILS-354,"As a 42-year-old retail investor, I want the system to understand my situation before recommending a portfolio. My main goal is long-term wealth growth. My emergency savings are already funded and this money is not needed for bills. I might need a portion of the funds for a home improvement project in a few years. A previous loss made me exit the market at the worst moment. I would like a reasonable return, but I know I react badly to losses.","A previous loss made me exit the market at the worst moment; I would like a reasonable return, but I know I react badly to losses.",Balanced,No,Low,High,Moderate,Medium,Conservative,No,0,4,0,No
ILS-355,"I am 64 and I am describing my investment situation for an automated advisory service. I may also use the money to reduce debt. I have several fixed expenses and only a small emergency reserve, and I am considering a home down payment within the next two years. I feel behind financially and want the portfolio to recover the gap as quickly as possible. If the account dropped sharply, I would probably need to sell. I need advice because my desire for high return may not match my ability to absorb losses.","I have several fixed expenses and only a small emergency reserve; I am considering a home down payment within the next two years; I feel behind financially and want the portfolio to recover the gap as quickly as possible; If the account dropped sharply, I would probably need to sell.",Human review,Yes,Inconsistent,Low,High,High,Human review,Yes,4,0,0,No
ILS-356,"I am 46 and I am describing my investment situation for an automated advisory service. I am investing for retirement and would like steady long-term growth. I have stable consulting income, although I have a mortgage but my income covers regular expenses. I may use part of the money in three to five years. I am comfortable with moderate risk if the reason is clear, so I would prefer a portfolio that balances growth and stability.",I am investing for retirement and would like steady long-term growth.; I may use part of the money in three to five years; I am comfortable with moderate risk if the reason is clear,Balanced,No,Moderate,Moderate,Moderate,Low,Balanced,No,4,0,0,No
ILS-357,"I am 38 and would like investment advice that reflects my goals and constraints. I want general wealth growth but do not want a very aggressive strategy. My salary is stable, although I can save monthly, although I still have normal household commitments. I can leave the funds invested for a long period. I can tolerate normal market fluctuations, so I would prefer a portfolio that balances growth and stability.",I want general wealth growth but do not want a very aggressive strategy.; I can leave the funds invested for a long period; I can tolerate normal market fluctuations,Balanced,No,Moderate,Moderate,Low,Low,Balanced,No,4,0,0,No
ILS-358,"I am 58 and I am either retired or close to retirement. I want the account to produce reliable income and avoid a large drawdown. I have a stable job, but my cash buffer is only moderate. I may need access to some cash before the end of five years. I can tolerate normal market fluctuations. I prefer stability and clear explanation over maximum growth.",Reliable income and avoid a large drawdown; I may need access to some cash before the end of five years; I can tolerate normal market fluctuations,Balanced,No,Moderate,Moderate,Moderate,Low,Balanced,No,4,0,0,No
ILS-359,"As a 60-year-old retail investor, I want the system to understand my situation before recommending a portfolio. I am trying to grow funds for a future home purchase. My household depends mostly on one unstable income, and I need access to cash this year for medical expenses. I feel behind financially and want the portfolio to recover the gap as quickly as possible. I am not sure I could stay invested if markets fell. I need advice because my desire for high return may not match my ability to absorb losses.",My household depends mostly on one unstable income; I need access to cash this year for medical expenses; I feel behind financially and want the portfolio to recover the gap as quickly as possible; I am not sure I could stay invested if markets fell.,Human review,Yes,Inconsistent,Low,Urgent,High,Human review,Yes,4,0,0,No
ILS-360,"I am 46 and I am describing my investment situation for an automated advisory service. I do not know how much of this account I might need. My debt level may change soon. I do not know whether I should be conservative or aggressive. I would like the robo-adviser to recommend something, but I realize important information may still be missing.",I do not know how much of this account I might need; My debt level may change soon; I do not know whether I should be conservative or aggressive,Human review,Yes,Inconsistent,Low,High,High,Human review,Yes,4,0,0,No
ILS-361,"I am 64 and I am describing my investment situation for an automated advisory service. I am not sure when I will need the money. My debt level may change soon. I am unsure how much volatility I could accept. I would like the robo-adviser to recommend something, but I realize important information may still be missing.",I am not sure when I will need the money; My debt level may change soon; I am unsure how much volatility I could accept,Human review,Yes,Inconsistent,Low,High,High,Human review,Yes,4,0,0,No
ILS-362,"I am 60 and I am describing my investment situation for an automated advisory service. I am building an education fund and want the money to grow without excessive risk. I have a secure full-time job, although I have some family expenses, but also a modest emergency fund. I may need access to some cash before the end of five years. I am comfortable with moderate risk if the reason is clear, so I would prefer a portfolio that balances growth and stability.",I am building an education fund and want the money to grow without excessive risk.; I may need access to some cash before the end of five years; I am comfortable with moderate risk if the reason is clear,Balanced,No,Moderate,Moderate,Moderate,Low,Balanced,No,4,0,0,No
ILS-363,"My situation is as follows: I am 55 and I want a portfolio recommendation based on my circumstances. My main goal is saving for education expenses. My emergency savings are already funded and this money is not needed for bills. I can leave the funds invested for a long period. I usually say I can take risk, but I sold quickly during the last downturn. I would like a reasonable return, but I know I react badly to losses.","I usually say I can take risk, but I sold quickly during the last downturn; I would like a reasonable return, but I know I react badly to losses.",Balanced,No,Low,High,Low,Medium,Conservative,No,0,4,0,No
ILS-364,"As a 34-year-old retail investor, I want the system to understand my situation before recommending a portfolio. The main goal is a business deposit. I may need to withdraw most of this account within the next nine months. I recently changed jobs and do not have much cash set aside. I do not sleep well when investments lose value. I still want the money to earn something, but I cannot risk losing funds that may be needed soon.",The main goal is a business deposit.; I may need to withdraw most of this account within the next nine months; I recently changed jobs and do not have much cash set aside,Human review,Yes,Low,Low,Urgent,High,Human review,Yes,4,0,0,No
ILS-365,"My situation is as follows: I am 72 and I want a portfolio recommendation based on my circumstances. My goal is to grow my savings quickly. My household depends mostly on one unstable income, and I may need to withdraw most of this account within the next nine months. I feel behind financially and want the portfolio to recover the gap as quickly as possible. I am not sure I could stay invested if markets fell. I need advice because my desire for high return may not match my ability to absorb losses.",My household depends mostly on one unstable income; I may need to withdraw most of this account within the next nine months; I feel behind financially and want the portfolio to recover the gap as quickly as possible; I am not sure I could stay invested if markets fell.,Human review,Yes,Inconsistent,Low,Urgent,High,Human review,Yes,4,0,0,No
ILS-366,"As a 31-year-old retail investor, I want the system to understand my situation before recommending a portfolio. The main goal is covering possible healthcare costs. I may need the money within six months. I have a stable job, but my cash buffer is only moderate. I prefer avoiding losses even if returns are lower. I still want the money to earn something, but I cannot risk losing funds that may be needed soon.","The main goal is covering possible healthcare costs.; I may need the money within six months; I have a stable job, but my cash buffer is only moderate",Human review,Yes,Low,Moderate,Urgent,High,Human review,Yes,4,0,0,No
ILS-367,"My situation is as follows: I am 68 and I want a portfolio recommendation based on my circumstances. I have two goals at the same time: a business deposit soon and financial independence later. I am considering a home down payment within the next two years. My income is irregular and my emergency fund is small. I do not panic when markets move sharply, but I am unsure whether one portfolio can serve both the short-term and long-term goals.",A business deposit soon and financial independence later; I am considering a home down payment within the next two years; My income is irregular and my emergency fund is small,Human review,Yes,Inconsistent,Low,High,High,Human review,Yes,4,0,0,No
ILS-368,"As a 28-year-old retail investor, I want the system to understand my situation before recommending a portfolio. I cannot estimate my future income yet. My income may change, but I cannot estimate by how much. I might want growth, but I also do not want unpleasant surprises. I would like the robo-adviser to recommend something, but I realize important information may still be missing.","I cannot estimate my future income yet; My income may change, but I cannot estimate by how much; I might want growth, but I also do not want unpleasant surprises",Human review,Yes,Inconsistent,Low,High,High,Human review,Yes,4,0,0,No
ILS-369,"I am 60 and I am describing my investment situation for an automated advisory service. The account is intended for long-term financial independence. My salary is stable, and my emergency savings are already funded and this money is not needed for bills. I do not expect to withdraw this money for at least ten years. I understand that equity markets can fall and I would stay invested, and I would prefer a recommendation that emphasizes long-term growth while still remaining diversified.","The account is intended for long-term financial independence.; My salary is stable, and my emergency savings are already funded and this money is not needed for bills; I do not expect to withdraw this money for at least ten years; I understand that equity markets can fall and I would stay invested",Aggressive growth,No,High,High,Low,Low,Aggressive growth,No,3,0,1,No
ILS-370,"As a 42-year-old retail investor, I want the system to understand my situation before recommending a portfolio. I am not sure when I will need the money. I have not reviewed my monthly budget recently. I do not know whether I should be conservative or aggressive. I would like the robo-adviser to recommend something, but I realize important information may still be missing.",I am not sure when I will need the money; I have not reviewed my monthly budget recently; I do not know whether I should be conservative or aggressive,Human review,Yes,Inconsistent,Low,High,High,Human review,Yes,4,0,0,No
ILS-371,"I am 58 and I am either retired or close to retirement. I want the account to produce reliable income and avoid a large drawdown. I have some family expenses, but also a modest emergency fund. I may need this money for a business deposit in the next year or two. I want growth but with a controlled level of volatility. I prefer stability and clear explanation over maximum growth.",Reliable income and avoid a large drawdown; I may need this money for a business deposit in the next year or two; I want growth but with a controlled level of volatility,Conservative,No,Moderate,Moderate,High,Low,Conservative,No,4,0,0,No
ILS-372,"I am 73 and I am either retired or close to retirement. I want the account to produce reliable income and avoid a large drawdown. I have stable income, manageable debt, and cash reserves outside this account. I may need this money for a business deposit in the next year or two. I get anxious during market declines. I prefer stability and clear explanation over maximum growth.",Reliable income and avoid a large drawdown; I may need this money for a business deposit in the next year or two; I get anxious during market declines,Conservative,No,Low,High,High,Medium,Conservative,No,4,0,0,No
ILS-373,"As a 72-year-old retail investor, I want the system to understand my situation before recommending a portfolio. I am not sure when I will need the money. My income may change, but I cannot estimate by how much. I am unsure how much volatility I could accept. I would like the robo-adviser to recommend something, but I realize important information may still be missing.","I am not sure when I will need the money; My income may change, but I cannot estimate by how much; I am unsure how much volatility I could accept",Human review,Yes,Inconsistent,Low,High,High,Human review,Yes,4,0,0,No
ILS-374,"I am 60 and would like investment advice that reflects my goals and constraints. I am building an education fund and want the money to grow without excessive risk. My household income is steady, although I have a stable job, but my cash buffer is only moderate. I will not need this account for everyday expenses. I can accept some ups and downs but not extreme losses, so I would prefer a portfolio that balances growth and stability.",I am building an education fund and want the money to grow without excessive risk.; I will not need this account for everyday expenses; I can accept some ups and downs but not extreme losses,Balanced,No,Moderate,Moderate,Low,Low,Balanced,No,4,0,0,No
ILS-375,"I am 60 and I am describing my investment situation for an automated advisory service. I am saving toward a home purchase but the exact timing is still a few years away. My salary is stable, although my debt is manageable, but I would not want a large loss right before a major expense. I may use part of the money in three to five years. I can tolerate normal market fluctuations, so I would prefer a portfolio that balances growth and stability.",I am saving toward a home purchase but the exact timing is still a few years away.; I may use part of the money in three to five years; I can tolerate normal market fluctuations,Balanced,No,Moderate,Moderate,Moderate,Low,Balanced,No,4,0,0,No
ILS-376,"I am 46 and would like investment advice that reflects my goals and constraints. My main goal is saving for education expenses. I have a stable job, but my cash buffer is only moderate. I have no planned withdrawals from this account in the near future. When markets fell, I moved everything to cash and later regretted it. I say I want growth, but my past behavior makes me uncertain.","When markets fell, I moved everything to cash and later regretted it; I say I want growth, but my past behavior makes me uncertain.",Balanced,No,Inconsistent,Moderate,Low,Medium,Conservative,No,0,4,0,No
ILS-377,"I am 31 and I am describing my investment situation for an automated advisory service. I have not decided whether this is for retirement, a house, or general savings. I have not checked whether my emergency fund is enough. I think I can take some risk, but I am not sure how much. I would like the robo-adviser to recommend something, but I realize important information may still be missing.","I have not decided whether this is for retirement, a house, or general savings; I have not checked whether my emergency fund is enough; I think I can take some risk, but I am not sure how much",Human review,Yes,Inconsistent,Low,High,High,Human review,Yes,4,0,0,No
ILS-378,"I am 31 and would like investment advice that reflects my goals and constraints. I have two goals at the same time: tuition soon and financial independence later. I expect to use part of the funds for tuition in about two years. My emergency savings are already funded and this money is not needed for bills. I can tolerate normal market fluctuations, but I am unsure whether one portfolio can serve both the short-term and long-term goals.",Tuition soon and financial independence later; I expect to use part of the funds for tuition in about two years; My emergency savings are already funded and this money is not needed for bills,Balanced,No,Moderate,High,High,High,Human review,Yes,0,4,0,No
ILS-379,"I am 46 and would like investment advice that reflects my goals and constraints. The main goal is education funding. I want to keep access to the funds because a major expense is likely soon. My debt is manageable, but I would not want a large loss right before a major expense. I prefer avoiding losses even if returns are lower. I still want the money to earn something, but I cannot risk losing funds that may be needed soon.","The main goal is education funding.; I want to keep access to the funds because a major expense is likely soon; My debt is manageable, but I would not want a large loss right before a major expense",Capital preservation,No,Low,Moderate,High,Medium,Capital preservation,No,4,0,0,No
ILS-380,"I am 60 and would like investment advice that reflects my goals and constraints. My retirement savings are behind schedule. I still carry high-interest debt and have limited savings, and I may need the money within six months. I would like to take a lot of risk so the account can grow fast. At the same time, I cannot tolerate losing much of this money. I need advice because my desire for high return may not match my ability to absorb losses.","I still carry high-interest debt and have limited savings; I may need the money within six months; I would like to take a lot of risk so the account can grow fast; At the same time, I cannot tolerate losing much of this money.",Human review,Yes,Inconsistent,Low,Urgent,High,Human review,Yes,4,0,0,No
ILS-381,"As a 55-year-old retail investor, I want the system to understand my situation before recommending a portfolio. This account is for retirement rather than short-term spending. I have a secure full-time job, and I have stable income, manageable debt, and cash reserves outside this account. This money is for long-term goals and I can leave it invested through market cycles. I am comfortable with moderate risk if the reason is clear, and I would prefer a recommendation that emphasizes long-term growth while still remaining diversified.","This account is for retirement rather than short-term spending.; I have a secure full-time job, and I have stable income, manageable debt, and cash reserves outside this account; This money is for long-term goals and I can leave it invested through market cycles; I am comfortable with moderate risk if the reason is clear",Growth,No,Moderate,High,Low,Low,Growth,No,3,0,1,No
ILS-382,"As a 46-year-old retail investor, I want the system to understand my situation before recommending a portfolio. I cannot estimate my future income yet. I have not reviewed my monthly budget recently. I am unsure how much volatility I could accept. I would like the robo-adviser to recommend something, but I realize important information may still be missing.",I cannot estimate my future income yet; I have not reviewed my monthly budget recently; I am unsure how much volatility I could accept,Human review,Yes,Inconsistent,Low,High,High,Human review,Yes,4,0,0,No
ILS-383,My situation is as follows: I am 34 and I want a portfolio recommendation based on my circumstances. I am approaching retirement and want to protect what I have accumulated. My income is irregular and my emergency fund is small. I could withdraw a small portion in the medium term. I would rather earn less than see big swings. I would accept lower returns if that reduces the chance of a meaningful loss.,I am approaching retirement and want to protect what I have accumulated.; I could withdraw a small portion in the medium term; I would rather earn less than see big swings,Capital preservation,No,Low,Low,Moderate,Medium,Capital preservation,No,4,0,0,No
ILS-384,"I am 51 and I am describing my investment situation for an automated advisory service. My main goal is retirement. I have stable income, manageable debt, and cash reserves outside this account. I can leave the funds invested for a long period. A previous loss made me exit the market at the worst moment. I am tempted by growth funds, but I worry I will sell again in a downturn.","A previous loss made me exit the market at the worst moment; I am tempted by growth funds, but I worry I will sell again in a downturn.",Balanced,No,Low,High,Low,Medium,Conservative,No,0,4,0,No
ILS-385,"I am 31 and I am describing my investment situation for an automated advisory service. I cannot estimate my future income yet. My debt level may change soon. I am unsure how much volatility I could accept. I would like the robo-adviser to recommend something, but I realize important information may still be missing.",I cannot estimate my future income yet; My debt level may change soon; I am unsure how much volatility I could accept,Human review,Yes,Inconsistent,Low,High,High,Human review,Yes,4,0,0,No
ILS-386,"As a 28-year-old retail investor, I want the system to understand my situation before recommending a portfolio. I am approaching retirement and want to protect what I have accumulated. I have some family expenses, but also a modest emergency fund. I want some flexibility in case a family expense appears within the next four years. I would rather earn less than see big swings. I would accept lower returns if that reduces the chance of a meaningful loss.",I am approaching retirement and want to protect what I have accumulated.; I want some flexibility in case a family expense appears within the next four years; I would rather earn less than see big swings,Conservative,No,Low,Moderate,Moderate,Low,Conservative,No,4,0,0,No
ILS-387,I am 61 and I am either retired or close to retirement. I want the account to produce reliable income and avoid a large drawdown. I have a strong cash buffer and no major short-term debts. I might need a portion of the funds for a home improvement project in a few years. I prefer a balanced approach rather than the highest possible return. I prefer stability and clear explanation over maximum growth.,Reliable income and avoid a large drawdown; I might need a portion of the funds for a home improvement project in a few years; I prefer a balanced approach rather than the highest possible return,Balanced,No,Moderate,High,Moderate,Low,Balanced,No,4,0,0,No
ILS-388,"My situation is as follows: I am 68 and I want a portfolio recommendation based on my circumstances. My main goal is retirement planning more than fifteen years away. My household income is steady, and my emergency savings are already funded and this money is not needed for bills. I have no planned withdrawals from this account in the near future. I am willing to accept higher risk for higher expected return, and I would prefer a recommendation that emphasizes long-term growth while still remaining diversified.","My main goal is retirement planning more than fifteen years away.; My household income is steady, and my emergency savings are already funded and this money is not needed for bills; I have no planned withdrawals from this account in the near future; I am willing to accept higher risk for higher expected return",Aggressive growth,No,High,High,Low,Low,Growth,No,0,3,1,No
ILS-389,"I am 68 and I am describing my investment situation for an automated advisory service. I want to increase my retirement savings quickly. I can save monthly, although I still have normal household commitments. I want to keep access to the funds because a major expense is likely soon. I do not want to be left behind if the market keeps rising. I am asking for a recommendation, but I may be putting too much weight on recent market excitement.","I can save monthly, although I still have normal household commitments; I want to keep access to the funds because a major expense is likely soon; I do not want to be left behind if the market keeps rising",Human review,Yes,High,Moderate,High,High,Human review,Yes,4,0,0,No
ILS-390,"My situation is as follows: I am 31 and I want a portfolio recommendation based on my circumstances. I am trying to grow funds for a future home purchase. I still carry high-interest debt and have limited savings, and I want to keep access to the funds because a major expense is likely soon. I feel behind financially and want the portfolio to recover the gap as quickly as possible. At the same time, I cannot tolerate losing much of this money. I need advice because my desire for high return may not match my ability to absorb losses.","I still carry high-interest debt and have limited savings; I want to keep access to the funds because a major expense is likely soon; I feel behind financially and want the portfolio to recover the gap as quickly as possible; At the same time, I cannot tolerate losing much of this money.",Human review,Yes,Inconsistent,Low,Urgent,High,Human review,Yes,4,0,0,No
ILS-391,"I am 64 and I am either retired or close to retirement. I want the account to produce reliable income and avoid a large drawdown. I can save monthly, although I still have normal household commitments. I could withdraw a small portion in the medium term. I would rather earn less than see big swings. I prefer stability and clear explanation over maximum growth.",Reliable income and avoid a large drawdown; I could withdraw a small portion in the medium term; I would rather earn less than see big swings,Conservative,No,Low,Moderate,Moderate,Low,Conservative,No,4,0,0,No
ILS-392,"As a 28-year-old retail investor, I want the system to understand my situation before recommending a portfolio. I am going through a divorce and my expenses are uncertain. My household depends mostly on one unstable income, and I may need to withdraw most of this account within the next nine months. I do not sleep well when investments lose value. I should probably not rely only on an automated recommendation unless the case is reviewed carefully.",I am going through a divorce and my expenses are uncertain; I may need to withdraw most of this account within the next nine months; I do not sleep well when investments lose value,Human review,Yes,Low,Low,Urgent,High,Human review,Yes,4,0,0,No
ILS-393,"I am 68 and I am describing my investment situation for an automated advisory service. I want to increase my retirement savings quickly. My emergency savings are already funded and this money is not needed for bills. I may use part of the money in three to five years. I want the portfolio to chase the sectors that are hot this month. I am asking for a recommendation, but I may be putting too much weight on recent market excitement.",My emergency savings are already funded and this money is not needed for bills; I may use part of the money in three to five years; I want the portfolio to chase the sectors that are hot this month,Growth,No,High,High,Moderate,High,Human review,Yes,0,4,0,No
ILS-394,"As a 51-year-old retail investor, I want the system to understand my situation before recommending a portfolio. I hope to grow capital that could later support a business idea. I have a strong cash buffer and no major short-term debts. I am considering a home down payment within the next two years. I have had a few successful trades and now want to take much bigger positions. I am asking for a recommendation, but I may be putting too much weight on recent market excitement.",I have a strong cash buffer and no major short-term debts; I am considering a home down payment within the next two years; I have had a few successful trades and now want to take much bigger positions,Growth,No,High,High,High,High,Human review,Yes,0,4,0,No
ILS-395,"As a 55-year-old retail investor, I want the system to understand my situation before recommending a portfolio. My goal is to grow my savings quickly. I still carry high-interest debt and have limited savings, and I want to keep access to the funds because a major expense is likely soon. I would like to take a lot of risk so the account can grow fast. I am not sure I could stay invested if markets fell. I need advice because my desire for high return may not match my ability to absorb losses.",I still carry high-interest debt and have limited savings; I want to keep access to the funds because a major expense is likely soon; I would like to take a lot of risk so the account can grow fast; I am not sure I could stay invested if markets fell.,Human review,Yes,Inconsistent,Low,Urgent,High,Human review,Yes,4,0,0,No
ILS-396,"I am 60 and would like investment advice that reflects my goals and constraints. My main goal is long-term wealth growth. My emergency savings are already funded and this money is not needed for bills. This money is for long-term goals and I can leave it invested through market cycles. I usually say I can take risk, but I sold quickly during the last downturn. I want a portfolio that helps me avoid another emotional mistake.","I usually say I can take risk, but I sold quickly during the last downturn; I want a portfolio that helps me avoid another emotional mistake.",Balanced,No,Inconsistent,High,Low,Medium,Conservative,No,0,4,0,No
ILS-397,"As a 42-year-old retail investor, I want the system to understand my situation before recommending a portfolio. I recently lost my job and my savings are limited. I recently changed jobs and do not have much cash set aside, and this money may be needed for rent and family expenses very soon. I do not sleep well when investments lose value. I should probably not rely only on an automated recommendation unless the case is reviewed carefully.",I recently lost my job and my savings are limited; This money may be needed for rent and family expenses very soon; I do not sleep well when investments lose value,Human review,Yes,Low,Low,Urgent,High,Human review,Yes,4,0,0,No
ILS-398,"I am 51 and would like investment advice that reflects my goals and constraints. The account is intended for long-term financial independence. My income is predictable, and my emergency savings are already funded and this money is not needed for bills. I do not expect to withdraw this money for at least ten years. I can tolerate volatility if it improves long-term growth potential, and I would prefer a recommendation that emphasizes long-term growth while still remaining diversified.","The account is intended for long-term financial independence.; My income is predictable, and my emergency savings are already funded and this money is not needed for bills; I do not expect to withdraw this money for at least ten years; I can tolerate volatility if it improves long-term growth potential",Aggressive growth,No,High,High,Low,Low,Aggressive growth,No,3,0,1,No
ILS-399,"I am 28 and would like investment advice that reflects my goals and constraints. I am investing for retirement and would like steady long-term growth. I have stable consulting income, although I have some family expenses, but also a modest emergency fund. This money is for long-term goals and I can leave it invested through market cycles. I want growth but with a controlled level of volatility, so I would prefer a portfolio that balances growth and stability.",I am investing for retirement and would like steady long-term growth.; This money is for long-term goals and I can leave it invested through market cycles; I want growth but with a controlled level of volatility,Growth,No,Moderate,Moderate,Low,Low,Growth,No,3,0,1,No
ILS-400,"I am 55 and would like investment advice that reflects my goals and constraints. My main goal is long-term wealth growth. My emergency savings are already funded and this money is not needed for bills. This money is for long-term goals and I can leave it invested through market cycles. A previous loss made me exit the market at the worst moment. I am tempted by growth funds, but I worry I will sell again in a downturn.","A previous loss made me exit the market at the worst moment; I am tempted by growth funds, but I worry I will sell again in a downturn.",Balanced,No,Low,High,Low,Medium,Conservative,No,0,4,0,No
